Carimbo de data/hora,Post,NR,Nome,Idade,Ocupação,Naturalidade,Distrito / State,Country,direção,head,categoria 1,2026,link instagram,drive,papel,,owner,
2026/09/25,FALSE,846,Bea Leitão,23,intern lawyer,Lisboa,Lisboa,Portugal,direita,ambos,"scenery, smiley face",2026,,TRUE,TRUE,,meggs,
2026/09/25,FALSE,845,Filipe Karlsson,29,musician,Lisboa,Lisboa,Portugal,direita,só orelhas,abstract,2026,,TRUE,TRUE,,meggs,
2026/09/25,FALSE,844,Ricardo Velhote do Carmo,32,musician,Lisboa,Lisboa,Portugal,esquerda,só orelhas,just head,2026,,TRUE,TRUE,,meggs,
2026/09/25,FALSE,843,Martim Seabra,30,musician,Estoril,Lisboa,Portugal,direita,só orelhas,rat vibes,2026,,TRUE,TRUE,,meggs,
2026/09/25,FALSE,842,Catalina,27,graphic designer,,,Costa Rica,esquerda,ambos,just head,2026,,TRUE,TRUE,,meggs,
2026/09/25,FALSE,841,Carmen Magenta,26,babysitter,Peniche,Leiria,Portugal,esquerda,ambos,cartoonish,2026,,TRUE,TRUE,,matilde,
2026/09/22,FALSE,840,Pedro Brito,62,lawyer,Lisboa,Lisboa,Portugal,direita,só orelhas,sillouette,2026,,TRUE,TRUE,,meggs,
2026/09/13,FALSE,839,Daniel,25,bartender,Ribeira Brava,Madeira,Portugal,esquerda,ambos,circular,2026,,TRUE,TRUE,,pita,
2026/09/13,FALSE,838,Margarida Sousa,19,bartender,Ribeira Brava,Madeira,Portugal,direita,ambos,"tack, scenery",2026,,TRUE,TRUE,,pita,
2026/09/13,FALSE,837,Louis,25,bartender,,,South Africa,direita,só orelhas,"foot line, interesting tail",2026,,TRUE,TRUE,,pita,
2026/09/13,FALSE,836,Lesly,35,bartender,,,Venezuela,esquerda,ambos,moving,2026,,TRUE,TRUE,,pita,
2026/09/13,FALSE,835,Juan Silva,50,decorator and carpenter,Ponta do Sol,Madeira,Portugal,esquerda,ambos,just head,2026,,TRUE,TRUE,,pita,
2026/09/12,FALSE,834,Freitas,19,bartender,Câmara de Lobos,Madeira,Portugal,esquerda,nenhum,abstract,2026,,TRUE,TRUE,,pita,
2026/09/12,FALSE,833,Sara Correia,25,marketeer,Funchal,Madeira,Portugal,esquerda,nenhum,abstract,2026,,TRUE,TRUE,,pita,
2026/09/12,FALSE,832,Luís Azevedo,27,software engineer,Matosinhos,Porto,Portugal,direita,só crina,"crazy vibes, scenery",2026,,TRUE,TRUE,,matilde,
2026/09/12,FALSE,831,Diogo Monteiro,29,software engineer,Vila D'este,Porto,Portugal,esquerda,só crina,,2026,,TRUE,TRUE,,matilde,
2026/09/11,FALSE,830,Pedro Araújo,32,lawyer,Braga,Braga,Portugal,esquerda,só crina,crazy vibes,2026,,TRUE,TRUE,,matilde,
2026/09/11,FALSE,829,Nuno Soares,32,tax compliance,Maia,Porto,Portugal,esquerda,ambos,rectangular,2026,,TRUE,TRUE,,matilde,
2026/09/11,FALSE,828,Patrícia Lima,27,HR consultant,Maia,Porto,Portugal,esquerda,ambos,,2026,,TRUE,TRUE,,matilde,
2026/09/11,FALSE,827,Marta Moreira,28,?,Viana do Castelo,Viana do Castelo,Portugal,esquerda,só crina,tack,2026,,TRUE,TRUE,,matilde,
2026/09/11,FALSE,826,Lecy,28,project leader,Rotterdam,,Netherlands,esquerda,ambos,tack,2026,,TRUE,TRUE,,matilde,
2026/09/11,FALSE,825,Astrid,28,policy analyst,,,Denmark,esquerda,ambos,"crazy vibes, teeth",2026,,TRUE,TRUE,,matilde,
2026/09/11,FALSE,824,Mariana Costa,28,mechanical engineer,Viana do Castelo,Viana do Castelo,Portugal,esquerda,só crina,"text, moving",2026,,TRUE,TRUE,,matilde,
2026/09/11,FALSE,823,Diana Silva,24,marketeer,Espinho,Aveiro,Portugal,direita,ambos,,2026,,TRUE,FALSE,,pita,
2026/09/10,FALSE,822,Abel,28,software engineer,Minas Gerais,Minas Gerais,Brasil,esquerda,só crina,"circular, stick legs",2026,,TRUE,TRUE,,matilde,
2026/09/10,FALSE,821,Veloza,25,unemployed,Madeira,Madeira,Portugal,front facing,só crina,"scenery, speaking or thinking",2026,,TRUE,TRUE,,matilde,
2026/09/10,FALSE,820,Inês Moreira ,22,researcher,Vila Nova de Famalicão,Braga,Portugal,esquerda,só orelhas,,2026,,TRUE,TRUE,,matilde,
2026/09/10,FALSE,819,Manu Julian,25,musician,São Paulo,São Paulo,Brasil,esquerda,ambos,"famous, sillouette, moving",2026,,TRUE,TRUE,,matilde,
2026/09/10,FALSE,818,Vicente Tassara,28,musician,São Paulo,São Paulo,Brasil,direita,só crina,"famous, balding, moving",2026,,TRUE,TRUE,,matilde,
2026/09/10,FALSE,817,Luiz Martins,,musician,São Paulo,São Paulo,Brasil,esquerda,ambos,"famous, speaking or thinking",2026,,TRUE,TRUE,,matilde,
2026/09/10,FALSE,816,Theo Ceccato,26,musician,São Paulo,São Paulo,Brasil,direita,ambos,famous,2026,,TRUE,TRUE,,matilde,
2026/09/10,FALSE,815,Helena Cruz,28,musician,São Paulo,São Paulo,Brasil,direita,só orelhas,famous,2026,,TRUE,TRUE,,matilde,
2026/09/09,FALSE,814,Francisco Figueiredo ,28,lawyer,Seixal,Setúbal,Portugal,,,,2026,,TRUE,TRUE,,meggs,
2026/09/08,FALSE,813,Marcos Neves,30,football coach / event planner,Ponta do Sol,Madeira,Portugal,direita,ambos,rectangular,2026,,TRUE,FALSE,,pita,
2026/09/08,FALSE,812,Matilde Gonçalves,22,student,Ponta do Sol,Madeira,Portugal,esquerda,,"scenery, tiny",2026,,TRUE,FALSE,,pita,
2026/09/08,FALSE,811,Gonçalo Castro,27,SLB´s finance team,Lisboa,Lisboa,Portugal,direita,ambos,"scenery, spots, crazy vibes",2026,,TRUE,FALSE,,pita,
,FALSE,810,Pedro Pereira,47,psychologist,Lisboa,Lisboa,Portugal,esquerda,só crina,interesting tail,2026,,TRUE,TRUE,,meggs,
,FALSE,809,Susana Abenhaim,58,solicitor,Matosinhos,Porto,Portugal,esquerda,ambos,scenery,2026,,TRUE,TRUE,,meggs,
,FALSE,808,Eduardo Afonso,25,lawyer,Lisboa,Lisboa,Portugal,esquerda,só crina,standing,2026,,TRUE,TRUE,,meggs,
2026/09/06,FALSE,807,Tomás Sousa,26,(perguntar ao simão),Vila Nova de Gaia,Porto,Portugal,esquerda,só crina,other animal vibes,2026,,TRUE,TRUE,,matilde,
2026/09/06,FALSE,806,Mário Matias,28,software engineer,Lapa do Lobo,Viseu,Portugal,direita,ambos,other animal vibes,2026,,TRUE,TRUE,,matilde,
2026/09/06,FALSE,805,Daniela Margarido,25,cashier,Perafita,Porto,Portugal,esquerda,só orelhas,,2026,,TRUE,TRUE,,matilde,
2026/09/05,FALSE,804,Pedro Carneiro,23,intern lawyer,Lisboa,Lisboa,Portugal,direita,nenhum,other animal vibes,2026,,TRUE,TRUE,,matilde,
2026/09/05,FALSE,803,Inês Galvão,22,intern lawyer,Lisboa,Lisboa,Portugal,direita,só orelhas,"stick legs, smiley face",2026,,TRUE,TRUE,,matilde,
2026/09/05,FALSE,802,Ricardo (Kidonov),31,musical producer,São João do Estoril,Lisboa,Portugal,direita,só crina,smiley face,2026,,TRUE,TRUE,,matilde,
2026/09/05,FALSE,801,Bia Maria,28,teacher and artist,Ourém,Santarém,Portugal,direita,só crina,"famous, stick legs, no eyes or mouth",2026,,TRUE,TRUE,,matilde,
2026/09/05,FALSE,800,Miguel Silva,26,biologist,São João da Madeira,Aveiro,Portugal,front facing,ambos,just head,2026,,TRUE,TRUE,,matilde,
,FALSE,799,Ana Sousa,55,forensic administrative ,Belas,Lisboa,Portugal,esquerda,ambos,"crazy vibes, tiny",2026,,TRUE,TRUE,,meggs,
,FALSE,798,Maria Fernandes,29,intern lawyer,Campanário,Madeira,Portugal,,,abstract,2026,,TRUE,TRUE,,meggs,
,FALSE,797,Catarina Gomes,23,intern lawyer,Lisboa,Lisboa,Portugal,direita,ambos,"pooping or farting, teeth",2026,,TRUE,TRUE,,meggs,
2026/09/02,FALSE,796,João Almeida,44,lawyer,Lisboa,Lisboa,Portugal,direita,ambos,just head,2026,,TRUE,TRUE,,meggs,
2026/08/28,FALSE,795,Miguel Dantas,19,music student,Espinho,Aveiro,Portugal,esquerda,só crina,,2026,,TRUE,TRUE,,pita,
2026/08/29,FALSE,794,Laura Ferreira,24,chemical engineer,Lourinhã,Lisboa,Portugal,esquerda,ambos,,2026,,TRUE,TRUE,,matilde,
2026/08/28,TRUE,793,Afonso Fernandes,32,embedded systems engineer,Beja,Beja,Portugal,direita,ambos,moving,2026,,TRUE,TRUE,,matilde,
2026/08/28,TRUE,792,Isabel Vermelho,31,social media manager,Lisboa,Lisboa,Portugal,esquerda,,"abstract, crazy vibes",2026,,TRUE,TRUE,,matilde,
2026/08/28,TRUE,791,Tiago Pardal,27,software engineer,Lisboa,Lisboa,Portugal,esquerda,ambos,rectangular,2026,,TRUE,TRUE,,matilde,
,TRUE,790,Margarida Chaves,59,community funds manager,Setúbal,Setúbal,Portugal,esquerda,ambos,standing,2026,,TRUE,TRUE,,meggs,
,TRUE,789,Maria José,55,administrative,Lisboa,Lisboa,Portugal,esquerda,só orelhas,"smiley face, tiny",2026,,TRUE,TRUE,,meggs,
,TRUE,788,Roberta Viana,28,lawyer,Rio Grande do Sul,Rio Grande do Sul,Brasil,direita,ambos,"just head, no eyes or mouth",2026,,TRUE,TRUE,,meggs,
,TRUE,787,Joana Gil,23,masters student,Lisboa,Lisboa,Portugal,esquerda,só crina,interesting tail,2026,,TRUE,TRUE,,meggs,
,TRUE,786,Beatriz Leitão,24,intern lawyer,Lisboa,Lisboa,Portugal,esquerda,só orelhas,abstract,2026,,TRUE,TRUE,,meggs,
,TRUE,785,Ana Monteiro,40,lawyer,Favaios,Vila Real,Portugal,esquerda,só crina,"balding, crazy vibes",2026,,TRUE,TRUE,,meggs,
,TRUE,784,Sérgio Ribeiro,48,lawyer,Lisboa,Lisboa,Portugal,direita,ambos,"leg up, scenery",2026,,TRUE,TRUE,,meggs,
,TRUE,783,Matilde Lima,23,intern lawyer,Carregal do Sal,Viseu,Portugal,direita,só orelhas,tongue out,2026,,TRUE,TRUE,,meggs,
2026/08/27,TRUE,782,Inês Carmona,38,saleswoman,Elvas,Portalegre,Portugal,direita,ambos,tack,2026,,TRUE,TRUE,,matilde,
2026/08/27,TRUE,781,Rodrigo Pinho,23,salesman,Cascais,Lisboa,Portugal,direita,só crina,rectangular,2026,,TRUE,TRUE,,matilde,
2026/08/27,TRUE,780,Rougui,24,finance student,,,Senegal,esquerda,só orelhas,mouth line,2026,,TRUE,TRUE,,matilde,
,TRUE,779,Margarida Brito,27,designer,Linda a Velha,Lisboa,Portugal,esquerda,só orelhas,"stick legs, abstract",2026,,TRUE,TRUE,,matilde,
,TRUE,778,Mariana Simões,23,intern lawyer,Vila Real de Santo António,Faro,Portugal,esquerda,nenhum,"teeth, moving",2026,,TRUE,TRUE,,meggs,
2026/08/26,TRUE,777,Carolina Gonçalves ,59,teacher,Ponta do Sol,Madeira,Portugal,esquerda,ambos,smiley face,2026,,TRUE,TRUE,,pita,
2026/08/26,TRUE,776,Urbano Gonçalves,58,engineer,Ribeira Brava,Madeira,Portugal,esquerda,só orelhas,"abstract, no eyes or mouth, tack",2026,,TRUE,TRUE,,pita,
2026/08/26,TRUE,775,André Santos,40,musician,Funchal,Madeira,Portugal,direita,nenhum,other animal vibes,2026,,TRUE,TRUE,musico pt,pita,
2026/08/26,TRUE,774,Zé Ibarra,29,singer,Bahia,Bahia,Brasil,esquerda,só crina,famous,2026,,TRUE,TRUE,musico br,pita,
2026/08/25,TRUE,773,Leonor Matos,22,teacher,Matosinhos,Porto,Portugal,esquerda,ambos,scenery,2026,,TRUE,TRUE,,pita,
2026/08/25,TRUE,772,Liliana Pereira,38,education assistant,Matosinhos,Porto,Portugal,esquerda,ambos,,2026,,TRUE,TRUE,,pita,
2026/08/25,TRUE,771,Catarina Nunes,25,researcher,Matosinhos,Porto,Portugal,esquerda,ambos,,2026,,TRUE,TRUE,,pita,
2026/08/25,TRUE,770,Fernando Sousa,54,factory worker,Matosinhos,Porto,Portugal,esquerda,só orelhas,,2026,https://www.instagram.com/p/DdtBp3FInlL/,TRUE,TRUE,,pita,
2026/08/23,TRUE,769,Helena Melo,25,communication designer,Viseu,Viseu,Portugal,direita,só orelhas,pooping or farting,2026,https://www.instagram.com/p/DdqnbriImMZ/,TRUE,TRUE,,pita,
2026/08/23,TRUE,768,Vítor Moreira,25,logistics,Matosinhos,Porto,Portugal,esquerda,só crina,,2026,https://www.instagram.com/p/DdqnUC4IxD_/,TRUE,TRUE,,pita,
2026/08/23,TRUE,767,Alberto Teixeira,26,TVDE driver,Machico,Madeira,Portugal,esquerda,só orelhas,,2026,https://www.instagram.com/p/DdqnPO8Iy1-/,TRUE,TRUE,,pita,
2026/08/23,TRUE,766,Rafaela Leite,29,marketeer,Matosinhos,Porto,Portugal,direita,só crina,"scenery, balding",2026,https://www.instagram.com/p/DdqnJNBozp2/,TRUE,TRUE,,pita,
2026/08/23,TRUE,765,Daniel Moura,27,garbage collector,Maia,Porto,Portugal,esquerda,só crina,"[censored], foot line, smiley face",2026,https://www.instagram.com/p/Ddqm5hRIAKc/,TRUE,TRUE,,pita,
2026/08/23,TRUE,764,Mariana Sousa,21,HR worker,Matosinhos,Porto,Portugal,direita,só orelhas,"mouth line, other animal vibes",2026,https://www.instagram.com/p/Ddqm1hfouoK/,TRUE,TRUE,,pita,
2026/08/23,TRUE,763,Diana Borges,24,marketeer,Maia,Porto,Portugal,esquerda,só crina,,2026,https://www.instagram.com/p/DdqmnrqIutF/,TRUE,TRUE,,pita,
2026/08/09,TRUE,762,Ana Sentieiro,26,photographer and video maker,Torres Novas,Santarém,Portugal,direita,só crina,"other animal vibes, stick legs",2026,https://www.instagram.com/p/DdqmjOKo3sI/,TRUE,TRUE,,pita,
2026/08/18,TRUE,761,Raquel Santos,28,e-commerce,Póvoa de Santa Iria,Lisboa,Portugal,esquerda,ambos,"teeth, stick legs",2026,https://www.instagram.com/p/DdpbETNIPyP/,TRUE,TRUE,,matilde,
2026/08/18,TRUE,760,David de Sa,29,salesman,Toronto,Ontario,Canada,esquerda,ambos,leg up,2026,https://www.instagram.com/p/Ddpa-S-IHxp/,TRUE,TRUE,,matilde,
2026/08/15,TRUE,759,Lourenço Tato,29,musician,Leça da Palmeira,Porto,Portugal,esquerda,só orelhas,"scenery, stick legs",2026,https://www.instagram.com/p/Ddpa16nobZW/,TRUE,TRUE,,matilde,
2026/08/14,TRUE,758,Catarina Pacheca,30,engineer,Sesimbra,Setúbal,Portugal,esquerda,só crina,tack,2026,https://www.instagram.com/p/Ddpavvhozb1/,TRUE,TRUE,,matilde,
2026/08/13,TRUE,757,Vinicius,28,musician,Curitiba,Paraná,Brasil,esquerda,só crina,"rectangular, stick legs",2026,https://www.instagram.com/p/DdparMhoNiy/,TRUE,TRUE,musico br,matilde,
2026/08/13,TRUE,756,Stephanie,30,musician,Curitiba,Paraná,Brasil,esquerda,só orelhas,foot line,2026,https://www.instagram.com/p/DdpalxZouhl/,TRUE,TRUE,musico br,matilde,
2026/08/13,TRUE,755,Inês,24,designer,Aveiro,Aveiro,Portugal,esquerda,ambos,"cartoonish, moving, famous",2026,https://www.instagram.com/p/DdpaawMIiMX/,TRUE,TRUE,,matilde,
2026/08/11,TRUE,754,Catarina,34,data engineer,Vale de Cambra,Aveiro,Portugal,esquerda,ambos,,2026,https://www.instagram.com/p/DdpaRjpIjh4/,TRUE,TRUE,,matilde,
2026/08/12,TRUE,753,Jacob Hayes,28,musician drummer,,,UK,esquerda,só orelhas,"tall legs, """"""cavalo"""""", famous",2026,https://www.instagram.com/p/Ddgec-7oPSp/,TRUE,TRUE,musico int maruja,matilde,
2026/08/12,TRUE,752,Matt Buonaccorsi,29,musician bass player,,,UK,esquerda,só orelhas,,2026,https://www.instagram.com/p/DdgeYAroEiC/,TRUE,TRUE,musico int maruja,matilde,
2026/08/12,TRUE,751,Joe Carroll,27,musician saxophonist,,,UK,,,"abstract, scenery, famous",2026,https://www.instagram.com/p/DdgeS_aIJLY/,TRUE,TRUE,musico int maruja,matilde,
2026/08/11,TRUE,750,Andreia Valente,29,HR technitian,Viana do Castelo,Viana do Castelo,Portugal,esquerda,só orelhas,,2026,https://www.instagram.com/p/DdgeNWdo4Cm/,TRUE,TRUE,,matilde,
2026/08/11,TRUE,749,Ricardo Alves,29,musician,Viana do Castelo,Viana do Castelo,Portugal,direita,só orelhas,tiny,2026,https://www.instagram.com/p/Ddgd8wGIV4S/,TRUE,TRUE,,matilde,
2026/08/11,TRUE,748,Angela,26,videographer,Porto,Porto,Portugal,direita,ambos,,2026,https://www.instagram.com/p/Ddgd3yIouu_/,TRUE,TRUE,,matilde,
2026/08/11,TRUE,747,Bárbara,25,diva,Porto,Porto,Portugal,esquerda,,scenery,2026,https://www.instagram.com/p/DdgdyCiIUzs/,TRUE,TRUE,,matilde,
2026/08/11,TRUE,746,Carlos Santos,27,engineer,Viana do Castelo,Viana do Castelo,Portugal,direita,,"tall legs, dumb vibes",2026,https://www.instagram.com/p/DdgdsV8IKz8/,TRUE,TRUE,,matilde,
2026/08/11,TRUE,745,Margarida Vidinha,26,sustainability consultant,Perre,Viana do Castelo,Portugal,direita,só orelhas,text,2026,https://www.instagram.com/p/DdeO6ySonCy/,TRUE,TRUE,,matilde,
2026/08/10,TRUE,744,Bucci,21,student,São Paulo,São Paulo,Brasil,direita,só crina,spots,2026,https://www.instagram.com/p/DdeO15Moj0H/,TRUE,TRUE,,matilde,
2026/08/10,TRUE,743,Diego Oliveira,28,software engineer,Leça da Palmeira,Porto,Portugal,esquerda,ambos,,2026,https://www.instagram.com/p/DdeOuMyIg59/,TRUE,TRUE,,matilde,
2026/08/10,TRUE,742,Ori,21,student,Lisboa,Lisboa,Portugal,esquerda,ambos,tattoo,2026,https://www.instagram.com/p/DdeOpXJoImO/,TRUE,TRUE,,matilde,
2026/08/10,TRUE,741,Carolina,20,student and musician,Lisboa,Lisboa,Portugal,esquerda,ambos,tattoo,2026,https://www.instagram.com/p/Dda88rfo4eQ/,TRUE,TRUE,,matilde,
2026/08/09,TRUE,740,Carmo,24,social education technician,Miragaia,Porto,Portugal,direita,só crina,,2026,https://www.instagram.com/p/Dda8q0DoCks/,TRUE,TRUE,,matilde,
2026/08/09,TRUE,739,Romeu Bairos,32,musician,São Miguel,Açores,Portugal,esquerda,só orelhas,"rat vibes, famous",2026,https://www.instagram.com/p/DdZuElwokhT/,TRUE,TRUE,musico pt,pita,
2026/08/09,TRUE,738,Daniel Taveira,30,artist,Lamego,Viseu,Portugal,,,,2026,https://www.instagram.com/p/Dda8cM8oof7/,TRUE,TRUE,,matilde,
2026/08/09,TRUE,737,Júlio,69,retired man,Cem Soldos,Santarém,Portugal,esquerda,nenhum,abstract,2026,https://www.instagram.com/p/Dda8Xc9og6z/,TRUE,TRUE,,pita,
2026/08/09,TRUE,736,Jacinto Mourão,67,retired man,Cem Soldos,Santarém,Portugal,esquerda,ambos,moving,2026,https://www.instagram.com/p/DdZuRFpodpo/,TRUE,TRUE,,pita,
2026/08/09,TRUE,735,Francisco Fontes,25,artist,Nazaré,Leiria,Portugal,esquerda,ambos,famous,2026,https://www.instagram.com/p/DdZtTDHIy2p/,TRUE,TRUE,musico pt,matilde,
2026/08/09,TRUE,734,Rui Mourão,62,retired man,Cem Soldos,Santarém,Portugal,direita,só orelhas,abstract,2026,https://www.instagram.com/p/DdZuL3TImxU/,TRUE,TRUE,,pita,
2026/08/09,TRUE,733,Bernardo,24,engineer,Lisboa,Lisboa,Portugal,direita,,"abstract, stick legs",2026,https://www.instagram.com/p/DdZbUAooTRi/,TRUE,TRUE,,matilde,
2026/08/09,TRUE,732,Sara Maximiano,,artist,Lisboa,Lisboa,Portugal,direita,ambos,,2026,https://www.instagram.com/p/DdZbO3XocOZ/,TRUE,TRUE,,matilde,
2026/08/09,TRUE,731,Tó,56,salesman,Cem Soldos,Santarém,Portugal,esquerda,só orelhas,,2026,https://www.instagram.com/p/DdZbHnloaxw/,TRUE,TRUE,,matilde,
2026/08/09,TRUE,730,Mariana Mata,24,student and intern,Barreiro,Setúbal,Portugal,esquerda,só orelhas,just head,2026,https://www.instagram.com/p/DdZa_2BoF0t/,TRUE,TRUE,,matilde,
2026/08/09,TRUE,729,Pedro Farinha,42,system administrator,Golegã,Santarém,Portugal,esquerda,ambos,"cartoonish, just head",2026,https://www.instagram.com/p/DdYWDPMogUF/,TRUE,TRUE,,matilde,
2026/08/09,TRUE,728,Márcio,25,HR technitian,Santa Maria da Feira,Aveiro,Portugal,esquerda,só orelhas,"smiley face, foot line",2026,https://www.instagram.com/p/DdYV7cQosHH/,TRUE,TRUE,,pita,
2026/08/09,TRUE,727,Antony,27,call center worker,,,Angola,,,,2026,https://www.instagram.com/p/DdYVtkHIr4y/,TRUE,TRUE,,pita,
2026/08/08,TRUE,726,Luis Pedro,25,system analyst,Esposende,Braga,Portugal,direita,só crina,"leg up, stick legs, interesting tail, other animal vibes",2026,https://www.instagram.com/p/DdYVlyno0KX/,TRUE,TRUE,,matilde,
2026/08/08,TRUE,725,João Mesquita,31,musician,Lisboa,Lisboa,Portugal,direita,,,2026,https://www.instagram.com/p/DdU19EtoWfg/,TRUE,TRUE,musico pt,matilde,
2026/08/08,TRUE,724,Zenha Preto,30,videographer and director,Lisboa,Lisboa,Portugal,esquerda,ambos,"just head, crazy vibes, teeth",2026,https://www.instagram.com/p/DdU139AoUvy/,TRUE,TRUE,,matilde,
2026/08/08,TRUE,723,Claudia Sul,29,sound designer,Lisboa,Lisboa,Portugal,esquerda,só orelhas,"abstract, famous",2026,https://www.instagram.com/p/DdU1wsqoJr-/,TRUE,TRUE,musico pt,matilde,
2026/08/08,TRUE,722,Juliana Teixeira,23,philosophy student,Fátima,Santarém,Portugal,esquerda,ambos,just head,2026,https://www.instagram.com/p/DdU1o_RIGcl/,TRUE,TRUE,,pita,
2026/08/08,TRUE,721,Francisca Violante,32,lawyer,Oeiras,Lisboa,Portugal,esquerda,ambos,,2026,https://www.instagram.com/p/DdULfNyoJwZ/,TRUE,TRUE,,matilde,
2026/08/08,TRUE,720,Francisco Dias Pereira,30,sound technitan,Sintra,Lisboa,Portugal,front facing,só orelhas,"crazy vibes, just head",2026,https://www.instagram.com/p/DdULWf9oIci/,TRUE,TRUE,,matilde,
2026/08/08,TRUE,719,Mari Cara d'Anjo,31,carpenter,Lisboa,Lisboa,Portugal,front facing,ambos,"other animal vibes, food or eating",2026,https://www.instagram.com/p/DdTpeqHITfq/,TRUE,TRUE,,matilde,
2026/08/08,TRUE,718,João Ribeiro,30,broadcast technitian,Linda a Velha,Lisboa,Portugal,esquerda,ambos,,2026,https://www.instagram.com/p/DdTJveHItLE/,TRUE,TRUE,,matilde,
2026/08/08,TRUE,717,Sofia Araújo,31,psychologist and DJ,Vila Nova de Famalicão,Braga,Portugal,esquerda,só orelhas,,2026,https://www.instagram.com/p/DdQqpBoIDA0/,TRUE,TRUE,,matilde,
2026/08/08,TRUE,716,Luis Judícibus,30,video editor,Sintra,Lisboa,Portugal,esquerda,só orelhas,stick legs,2026,https://www.instagram.com/p/DdQqj2GIr-n/,TRUE,TRUE,musico pt,matilde,
2026/08/08,TRUE,715,Margarida,28,museum worker,Madeira,Madeira,Portugal,direita,só orelhas,"scenery, """"""cavalo"""""", speaking or thinking, spots, interesting tail",2026,https://www.instagram.com/p/DdQqf9boJjg/,TRUE,TRUE,,matilde,
2026/08/08,TRUE,714,Luna,28,galerist,Portimão,Faro,Portugal,esquerda,ambos,food or eating,2026,https://www.instagram.com/p/DdQqcQfomHD/,TRUE,TRUE,,matilde,
2026/08/07,TRUE,713,António,25,lawyer,Lisboa,Lisboa,Portugal,esquerda,ambos,abstract,2026,https://www.instagram.com/p/DdOZVAaIOEU/,TRUE,TRUE,,matilde,
2026/08/07,TRUE,712,Francisco,32,journalism student,Benavente,Santarém,Portugal,direita,ambos,no eyes or mouth,2026,https://www.instagram.com/p/DdOZRa-oi75/,TRUE,TRUE,,matilde,
2026/08/07,TRUE,711,Ana Eduarda,27,violinist and teacher,Marinha Grande,Leiria,Portugal,direita,ambos,"""""""cavalo"""""", just head",2026,https://www.instagram.com/p/DdOZM7NI6k3/,TRUE,TRUE,mordo mia,matilde,
2026/08/07,TRUE,710,Adriana João,28,visual and sound artist,Portimão,Faro,Portugal,esquerda,só orelhas,cartoonish,2026,https://www.instagram.com/p/DdFNrhQo2Aw/,TRUE,TRUE,,matilde,
2026/08/07,TRUE,709,Carolina Rebelo,22,freelancer,Vouzela,Viseu,Portugal,esquerda,ambos,,2026,https://www.instagram.com/p/DdFNl_yIxR0/,TRUE,TRUE,,matilde,
2026/08/07,TRUE,708,Laura Lemos,23,cultural producer,Lisboa,Lisboa,Portugal,esquerda,nenhum,rectangular,2026,https://www.instagram.com/p/DdFNg3DINJ2/,TRUE,TRUE,,matilde,
2026/08/07,TRUE,707,Maria,31,,Leiria,Leiria,Portugal,esquerda,ambos,,2026,https://www.instagram.com/p/DdFNW4ZoVZm/,TRUE,TRUE,,matilde,
2026/08/07,TRUE,706,Inês,29,nurse,Entroncamento,Santarém,Portugal,esquerda,só orelhas,,2026,https://www.instagram.com/p/DdFNKCNoRos/,TRUE,TRUE,,matilde,
2026/08/07,TRUE,705,Mariana Pereira,26,doctor,Espinho ,Aveiro,Portugal,esquerda,só orelhas,cartoonish,2026,https://www.instagram.com/p/DdFM8GoIxRY/,TRUE,TRUE,,pita,
2026/08/07,TRUE,704,Rui Batista,27,management,Entroncamento,Santarém,Portugal,direita,nenhum,"other animal vibes, circular",2026,https://www.instagram.com/p/DdFM24FoOjM/,TRUE,TRUE,,pita,
2026/08/04,TRUE,703,Vasco Ramos,25,architecture student,Ericeira,Lisboa,Portugal,esquerda,ambos,just head,2026,https://www.instagram.com/p/DdFMxpmoOqU/,TRUE,TRUE,,pita,
2026/08/02,TRUE,702,João Carlos Ribeiro,43,accountant,Ponta do Sol,Madeira,Portugal,esquerda,nenhum,"stick legs, abstract",2026,https://www.instagram.com/p/DdFMdxdo8pk/,TRUE,TRUE,,pita,
2026/08/02,TRUE,701,Luís Bagagem,67,technical specialist,Batalha,Leiria,Portugal,esquerda,só crina,depressed vibes,2026,https://www.instagram.com/p/DdFMXOkouER/,TRUE,TRUE,,pita,
2026/08/02,TRUE,700,Patrícia Calé,44,factory worker,Batalha,Leiria,Portugal,esquerda,só orelhas,"rat vibes, ears up, other animal vibes",2026,https://www.instagram.com/p/DdFMRvGIRbv/,TRUE,TRUE,,pita,
2026/08/02,TRUE,699,Daniela Moreira,41,shopkeeper,Batalha,Leiria,Portugal,esquerda,só orelhas,ears up,2026,https://www.instagram.com/p/DdBPiwJoIZU/,TRUE,TRUE,,pita,
2026/08/02,TRUE,698,Duarte Grosso,4,,Batalha,Leiria,Portugal,direita,,abstract,2026,https://www.instagram.com/p/DdBPdttoODA/,TRUE,TRUE,,pita,
2026/08/02,TRUE,697,Gonçalo Mota,35,administrative,Batalha,Leiria,Portugal,esquerda,só orelhas,foot line,2026,https://www.instagram.com/p/DdBPZRjoAr6/,TRUE,TRUE,,pita,
2026/08/02,TRUE,696,Joe,60,driver,,,Canada,esquerda,só orelhas,no eyes or mouth,2026,https://www.instagram.com/p/DdBPUx5oK7L/,TRUE,TRUE,,pita,
2026/08/01,TRUE,695,Manuel,71,musician,Vila Nova de Gaia,Porto,Portugal,esquerda,só orelhas,,2026,https://www.instagram.com/p/DdBO-WnI18f/,TRUE,TRUE,,pita,
2026/08/01,TRUE,694,Olinda Vieira,75,retired,Batalha,Leiria,Portugal,esquerda,nenhum,abstract,2026,https://www.instagram.com/p/DdBO1b_omSO/,TRUE,TRUE,,pita,
2026/08/01,TRUE,693,Nelson Grosso,44,locksmith,Batalha,Leiria,Portugal,direita,ambos,"interesting tail, crazy vibes",2026,https://www.instagram.com/p/DdBOxThIN1c/,TRUE,TRUE,,pita,
2026/08/01,TRUE,692,José António Bagagem,58,locksmith,Batalha,Leiria,Portugal,esquerda,só orelhas,"no eyes or mouth, stick legs",2026,https://www.instagram.com/p/DdBOsr1opzZ/,TRUE,TRUE,,pita,
2026/08/01,TRUE,691,Paulo Bagagem,53,locksmith and mechanic,Batalha,Leiria,Portugal,esquerda,só orelhas,abstract,2026,https://www.instagram.com/p/DdBOny2IHAf/,TRUE,TRUE,,pita,
2026/08/01,TRUE,690,Marco,12,student,Batalha,Leiria,Portugal,esquerda,nenhum,abstract,2026,https://www.instagram.com/p/Dc-vHjzIeZG/,TRUE,TRUE,,pita,
2026/07/31,TRUE,689,Lara Costa,29,literature student,Porto,Porto,Portugal,esquerda,ambos,"ears up, tongue out, other animal vibes",2026,https://www.instagram.com/p/Dc-u7TtojsW/,TRUE,TRUE,,matilde,
2026/07/31,TRUE,688,Helena Sá,24,photographer and illustrator,Valongo,Porto,Portugal,esquerda,ambos,,2026,https://www.instagram.com/p/Dc-u2slIhyq/,TRUE,TRUE,,matilde,
2026/07/31,TRUE,687,Mariana Santos Matos,30,illustrator and designer,Évora,Évora,Portugal,esquerda,ambos,moving,2026,https://www.instagram.com/p/Dc9XNqdoQXZ/,TRUE,TRUE,,matilde,
2026/07/31,TRUE,686,Juliana Meira,28,multimedia artist and researcher,,,Portugal,esquerda,só orelhas,rectangular,2026,https://www.instagram.com/p/Dc8WLjsIqJJ/,TRUE,TRUE,,matilde,
2026/07/31,TRUE,685,Gabriela,26,producer,Porto,Porto,Portugal,esquerda,ambos,just head,2026,https://www.instagram.com/p/Dc8bUZvoele/,TRUE,TRUE,,matilde,
2026/07/31,TRUE,684,Ana Frango Eletrico,28,musician,Rio de Janeiro,Rio de Janeiro,Brasil,esquerda,ambos,famous,2026,https://www.instagram.com/p/DczIlA-ofCZ/,TRUE,TRUE,musico br,matilde,
2026/07/31,TRUE,683,Claus,65,optometrist,,,Germany,direita,só orelhas,stick legs,2026,https://www.instagram.com/p/DczILLEI7hw/,TRUE,TRUE,,pita,
2026/07/30,TRUE,682,Manuel Inácio,60,mason,Ponta do Sol,Madeira,Portugal,direita,ambos,,2026,https://www.instagram.com/p/DczH-RCoQDR/,TRUE,TRUE,,pita,
2026/07/30,TRUE,681,Rui Sousa,56,teacher,Ponta do Sol,Madeira,Portugal,esquerda,ambos,,2026,https://www.instagram.com/p/DczH5wro0xO/,TRUE,TRUE,,pita,
2026/07/30,TRUE,680,António Alves,62,retired,Amarante,Porto,Portugal,esquerda,ambos,crazy vibes,2026,https://www.instagram.com/p/DczHzDVoBUe/,TRUE,TRUE,,pita,
2026/07/30,TRUE,679,Maria Idalina Silva,58,domestic,Amarante,Porto,Portugal,esquerda,só orelhas,smiley face,2026,https://www.instagram.com/p/DczHfU1oavd/,TRUE,TRUE,,pita,
2026/07/30,TRUE,678,José Carlos Vieira,23,administrative,Amarante,Porto,Portugal,esquerda,só crina,,2026,https://www.instagram.com/p/DczFqVDIXZu/,TRUE,TRUE,,pita,
2026/07/30,TRUE,677,Fernanda Pereira,57,unemployed,Penafiel,Porto,Portugal,esquerda,ambos,"ears up, other animal vibes",2026,https://www.instagram.com/p/DczFl75oBsl/,TRUE,TRUE,,pita,
2026/07/30,TRUE,676,Maria Lucília Ferraz,63,retired,Amarante,Porto,Portugal,esquerda,só orelhas,"scenery, spots, rat vibes, other animal vibes",2026,https://www.instagram.com/p/DczFfwyI5-Z/,TRUE,TRUE,,pita,
2026/07/30,TRUE,675,Martinho,28,baker,Penafiel,Porto,Portugal,esquerda,ambos,"ears up, dino",2026,https://www.instagram.com/p/DczFbkAoe5x/,TRUE,TRUE,,pita,
2026/07/28,TRUE,674,Eduardo Aguiar,21,farmer,Ponta do Sol,Madeira,Portugal,esquerda,ambos,,2026,https://www.instagram.com/p/DczFW2hIXiD/,TRUE,TRUE,,pita,
2026/07/27,TRUE,673,Ana Bessa,32,administrative,Amarante,Porto,Portugal,esquerda,ambos,other animal vibes,2026,https://www.instagram.com/p/DcytzxVokbC/,TRUE,TRUE,,pita,
2026/07/25,TRUE,672,Joana Pereira,17,student,Ponta do Sol,Madeira,Portugal,direita,só crina,,2026,https://www.instagram.com/p/DcyttF1o2x5/,TRUE,TRUE,,pita,
2026/07/25,TRUE,671,Tomás Côrte,5,,Ponta do Sol,Madeira,Portugal,esquerda,só orelhas,circular,2026,https://www.instagram.com/p/DctJZ3WI7wf/,TRUE,TRUE,,pita,
2026/07/25,TRUE,670,Cândida Inácio,63,operations assistant,Ponta do Sol,Madeira,Portugal,esquerda,só orelhas,,2026,https://www.instagram.com/p/DctJVDxIw87/,TRUE,TRUE,,pita,
2026/07/25,TRUE,669,António Moreira,55,operations assistant,Espinho e Ponta do Sol,,Portugal,esquerda,só orelhas,stick legs,2026,https://www.instagram.com/p/DctJPk_II4d/,TRUE,TRUE,,pita,
2026/07/25,TRUE,668,Ana Beatriz Ascensão,16,student,Ponta do Sol,Madeira,Portugal,esquerda,só orelhas,interesting tail,2026,https://www.instagram.com/p/DctJJoWIWwx/,TRUE,TRUE,,pita,
2026/07/25,TRUE,667,Adelina Inácio,54,operations assistant,Ponta do Sol,Madeira,Portugal,esquerda,só orelhas,,2026,https://www.instagram.com/p/DctI9dSohTj/,TRUE,TRUE,,pita,
2026/07/25,TRUE,666,Helena Cerdas,15,student,Ponta do Sol,Madeira,Portugal,direita,só orelhas,scenery,2026,https://www.instagram.com/p/DctI3NDIxcg/,TRUE,TRUE,,pita,
2026/07/25,TRUE,665,Sofia Albornett,15,student,Ponta do Sol,Madeira,Portugal,esquerda,só orelhas,rectangular,2026,https://www.instagram.com/p/DcrtT9cIVbc/,TRUE,TRUE,,pita,
2026/07/25,TRUE,664,Naiara Rodrigues,15,student,Ponta do Sol,Madeira,Portugal,direita,só crina,"interesting tail, other animal vibes",2026,https://www.instagram.com/p/DcrtOTEIAQY/,TRUE,TRUE,,pita,
2026/07/25,TRUE,663,Leonor Coelho,15,student,Ponta do Sol,Madeira,Portugal,direita,só crina,,2026,https://www.instagram.com/p/DcrtHJLI1l1/,TRUE,TRUE,,pita,
2026/07/25,TRUE,662,Martim Pestana,13,student,Ponta do Sol,Madeira,Portugal,front facing,ambos,,2026,https://www.instagram.com/p/Dco8S8uIok9/,TRUE,TRUE,,pita,
2026/07/25,TRUE,661,Maria Pestana,16,student,Ponta do Sol,Madeira,Portugal,esquerda,só crina,,2026,https://www.instagram.com/p/Dco8L1Ao5Bq/,TRUE,TRUE,,pita,
2026/07/25,TRUE,660,Margarida Marques,14,student,Ponta do Sol,Madeira,Portugal,esquerda,ambos,"rectangular, foot line",2026,https://www.instagram.com/p/DciVlxBIi0G/,TRUE,TRUE,,pita,
2026/07/25,TRUE,659,José Silva,12,student,Ponta do Sol,Madeira,Portugal,direita,só orelhas,"rat vibes, tiny, foot line",2026,https://www.instagram.com/p/DciVhHlIlsp/,TRUE,TRUE,,pita,
2026/07/25,TRUE,658,Carolina Marques,14,student,Ponta do Sol,Madeira,Portugal,esquerda,ambos,rectangular,2026,https://www.instagram.com/p/DciVZrSI9UC/,TRUE,TRUE,,pita,
2026/07/25,TRUE,657,Francisca Inácio,28,fashion designer,Ponta do Sol,Madeira,Portugal,esquerda,ambos,leg up,2026,https://www.instagram.com/p/DciVUpIoezb/,TRUE,TRUE,,pita,
2026/07/25,TRUE,656,Guilherme,27,musician,Viseu,Viseu,Portugal,esquerda,só crina,mouth line,2026,https://www.instagram.com/p/DciVLIWoo8Y/,TRUE,TRUE,,matilde,
2026/07/25,TRUE,655,Catarina Henriques,47,copywriter and drummer,Lisboa,Lisboa,Portugal,esquerda,ambos,,2026,https://www.instagram.com/p/DciVFZuIg8-/,TRUE,TRUE,,matilde,
2026/07/25,TRUE,654,Tiago Matos,26,manager,Arruda dos Vinhos,Lisboa,Portugal,esquerda,só crina,"no eyes or mouth, leg up, rectangular",2026,https://www.instagram.com/p/DciU4L1I_Y2/,TRUE,TRUE,,matilde,
2026/07/25,TRUE,653,Carolina Carvalho,27,illustrator,Linha de Sintra,Lisboa,Portugal,esquerda,ambos,leg up,2026,https://www.instagram.com/p/DciUiXmov9T/,TRUE,TRUE,,matilde,
2026/07/25,TRUE,652,Ricardo Bonança,27,designer,Massamá,Lisboa,Portugal,esquerda,ambos,,2026,https://www.instagram.com/p/DcemeSrI_rM/,TRUE,TRUE,musico pt,matilde,
2026/07/25,TRUE,651,André Amado,26,designer,Barreiro,Setúbal,Portugal,direita,ambos,"other animal vibes, speaking or thinking",2026,https://www.instagram.com/p/DcemZ31I6z9/,TRUE,TRUE,musico pt,matilde,
2026/07/25,TRUE,650,Miguel Neto,22,interactive designer,Campolide,Lisboa,Portugal,esquerda,nenhum,abstract,2026,https://www.instagram.com/p/DcemUPgIB4B/,TRUE,TRUE,,matilde,
2026/07/25,TRUE,649,Francisco Jarda,24,musician,Ponta do Sol,Madeira,Portugal,direita,só orelhas,"cool horse, text, teeth",2026,https://www.instagram.com/p/DcdFfT4IVM2/,TRUE,TRUE,,matilde,
2026/07/17,TRUE,648,Flavs,21,DJ,Calheta,Madeira,Portugal,direita,nenhum,rectangular,2026,https://www.instagram.com/p/DcdFaesojD1/,TRUE,TRUE,,pita,
2026/07/17,TRUE,647,Eduarda Berenguer,26,tourism student,Santa Cruz,Madeira,Portugal,direita,ambos,,2026,https://www.instagram.com/p/DcdFTpEI60u/,TRUE,TRUE,,pita,
2026/07/17,TRUE,646,Francisca Lança,27,jurist,Funchal,Madeira,Portugal,esquerda,só orelhas,"stick legs, rat vibes",2026,https://www.instagram.com/p/Dcbj-Vxoid3/,TRUE,TRUE,,pita,
2026/07/17,TRUE,645,Francisco Ribeiro,25,future Sporting trainer,Ponta do Sol,Madeira,Portugal,esquerda,só crina,interesting tail,2026,https://www.instagram.com/p/DcZtV1XoAr4/,TRUE,TRUE,,pita,
2026/07/17,TRUE,644,Pedro Jardim,26,malandro,Calheta,Madeira,Portugal,direita,nenhum,"smiley face, interesting tail",2026,https://www.instagram.com/p/DcZtNWwoydo/,TRUE,TRUE,,pita,
2026/07/17,TRUE,643,Diogo Ventura,23,jurist,Calheta,Madeira,Portugal,esquerda,nenhum,abstract,2026,https://www.instagram.com/p/DcWaxouIS6U/,TRUE,TRUE,,pita,
2026/07/17,TRUE,642,Lourenço Abecasis,26,doctorate student,Lisboa,Lisboa,Portugal,direita,ambos,"pooping or farting, moving",2026,https://www.instagram.com/p/DcV5YWRok7v/,TRUE,TRUE,cortada,matilde,
2026/07/17,TRUE,641,Maria Primi,25,bookseller,Coimbra,Coimbra,Portugal,esquerda,ambos,"interesting tail, rat vibes",2026,https://www.instagram.com/p/DcOE0ldorhs/,TRUE,TRUE,,matilde,
2026/07/17,TRUE,640,Dusmond,33,unemployed,Lisboa,Lisboa,Portugal,esquerda,ambos,,2026,https://www.instagram.com/p/DcOEt40oKcb/,TRUE,TRUE,cortada,matilde,
2026/07/17,TRUE,639,Daniel,27,architect,Lisboa,Lisboa,Portugal,esquerda,só orelhas,abstract,2026,https://www.instagram.com/p/DcOEn0IIEg5/,TRUE,TRUE,cortada,matilde,
2026/07/17,TRUE,638,Ociane,27,teacher,London,,UK,esquerda,ambos,,2026,https://www.instagram.com/p/DcOEi-Bo5KO/,TRUE,TRUE,,matilde,
,TRUE,637,Alejandro de Sousa,6,,Basil,,Switzerland,,nenhum,abstract,2026,https://www.instagram.com/p/DcLT1UXoWPT/,TRUE,TRUE,,pita,
,TRUE,636,Soraia,19,,Funchal,Madeira,Portugal,esquerda,só orelhas,rat vibes,2026,https://www.instagram.com/p/DcLTtGdo1rl/,TRUE,TRUE,,pita,
,TRUE,635,Iara Santos,16,,Ponta do Sol,Madeira,Portugal,esquerda,só orelhas,tall legs,2026,https://www.instagram.com/p/DcLTobgoasf/,TRUE,TRUE,,pita,
,TRUE,634,Ana Luisa Inacio,12,,Ponta do Sol,Madeira,Portugal,esquerda,só crina,other animal vibes,2026,https://www.instagram.com/p/DcLTZMbo-Pq/,TRUE,TRUE,,pita,
2026/07/12,TRUE,633,Aldina Costa,65,retired,Lamego,Viseu,Portugal,esquerda,ambos,stick legs,2026,https://www.instagram.com/p/DcGafTKwuTv/,TRUE,TRUE,,,colegas trabalho
2026/07/12,TRUE,632,João Ribeiro,47,engineer,Marseille,,France,direita,ambos,no eyes or mouth,2026,https://www.instagram.com/p/DcEAhf2IMwi/,TRUE,TRUE,,,colegas trabalho
2026/07/12,TRUE,631,Beatriz Costa,28,manager,Mafra,Lisboa,Portugal,esquerda,só orelhas,"interesting tail, other animal vibes, smiley face",2026,https://www.instagram.com/p/DcD9ToMo0BD/,TRUE,TRUE,,,colegas trabalho
2026/07/12,TRUE,630,Valter Anjos,39,software engineer,Santa Iria de Azoia,Lisboa,Portugal,esquerda,ambos,"crazy vibes, tack, interesting tail",2026,https://www.instagram.com/p/DcBxR3AhCLZ/,TRUE,TRUE,,,colegas trabalho
2026/07/12,TRUE,629,Matilde Anjos,7,,Vila Franca de Xira,Lisboa,Portugal,direita,ambos,"scenery, """"""cavalo"""""", mouth line, rat vibes",2026,https://www.instagram.com/p/DcBSokPIlw7/,TRUE,TRUE,,,colegas trabalho
2026/07/12,TRUE,628,Martim,4,,Vila Franca de Xira,Lisboa,Portugal,esquerda,nenhum,"abstract, other animal vibes",2026,https://www.instagram.com/p/Db_RCyXI7lP/,TRUE,TRUE,,,colegas trabalho
2026/07/12,TRUE,627,Sergio Costa,64,retired,Lamego,Viseu,Portugal,direita,só orelhas,"stick legs, other animal vibes, ears up",2026,https://www.instagram.com/p/Db_CurboGdF/,TRUE,TRUE,,,colegas trabalho
2026/07/12,TRUE,626,Marta Santos,17,student,Cascais,Lisboa,Portugal,direita,ambos,,2026,https://www.instagram.com/p/Db6FMyOoUcP/,TRUE,TRUE,,,colegas trabalho
2026/07/12,TRUE,625,Martim,32,personal trainer,Cascais,Lisboa,Portugal,esquerda,ambos,mouth line,2026,https://www.instagram.com/p/Db6FAKPoaT8/,TRUE,TRUE,,,colegas trabalho
2026/07/12,TRUE,624,Maria Teresa,59,domestic worker,Cascais,Lisboa,Portugal,esquerda,ambos,"just head, teeth",2026,https://www.instagram.com/p/Db5lZitIzd_/,TRUE,TRUE,,,colegas trabalho
2026/07/12,TRUE,623,Gonçalo Santos,28,works in media art,Cascais,Lisboa,Portugal,front facing,ambos,bojack,2026,https://www.instagram.com/p/Db3Nl1TIPIp/,TRUE,TRUE,,,colegas trabalho
2026/07/12,TRUE,622,João Carlos,58,credit intermediary,Cascais,Lisboa,Portugal,,,abstract,2026,https://www.instagram.com/p/DbzPzDEoJKq/,TRUE,TRUE,,,colegas trabalho
2026/07/14,TRUE,621,Debora Umbelino,31,musician,Leiria,Leiria,Portugal,esquerda,só orelhas,"rat vibes, famous",2026,https://www.instagram.com/p/DbzPn_6oIWn/,TRUE,TRUE,musico pt,matilde,
2026/07/14,TRUE,620,Gonçalo Ramos,24,artist,Amadora,Lisboa,Portugal,direita,ambos,"text, leg up",2026,https://www.instagram.com/p/Dbx9BWHIdei/,TRUE,TRUE,,,colegas trabalho
2026/07/14,TRUE,619,Joana Charepe,27,photographer and art master student,Sintra,Lisboa,Portugal,esquerda,ambos,no eyes or mouth,2026,https://www.instagram.com/p/DbvPxcoIg1h/,TRUE,TRUE,,,colegas trabalho
2026/07/13,TRUE,618,André Santos,25,biomedical sciences doctorate student,Arruda dos Vinhos,Lisboa,Portugal,direita,só orelhas,spots,2026,https://www.instagram.com/p/DbskliMIHeM/,TRUE,TRUE,,matilde,
2026/07/12,TRUE,617,Miguel,31,jurista,Vila Real de Santo António,Faro,Portugal,direita,ambos,rectangular,2026,https://www.instagram.com/p/Dbpk6E2oPT9/,TRUE,TRUE,,certã,
2026/07/12,TRUE,616,Daniela Horta,32,lawyer,Vila Nova de Cacela,Faro,Portugal,esquerda,ambos,,2026,https://www.instagram.com/p/DbpkyO7IPYi/,TRUE,TRUE,,certã,
2026/07/12,TRUE,615,Camila,29,teacher,Lisboa,Lisboa,Portugal,direita,só crina,text,2026,https://www.instagram.com/p/DbnHAy-oVun/,TRUE,TRUE,,certã,
2026/07/12,TRUE,614,Nina,22,journalism student,Odemira,Beja,Portugal,front facing,ambos,teeth,2026,https://www.instagram.com/p/DbnG5KvI0BY/,TRUE,TRUE,,certã,
2026/07/12,TRUE,613,Beatriz Farelo,26,medicine student,Lisboa,Lisboa,Portugal,esquerda,ambos,tongue out,2026,https://www.instagram.com/p/Dbk7yDrIf3X/,TRUE,TRUE,,certã,
2026/07/12,TRUE,612,Rosa,22,journalist,Santa Maria,Açores,Portugal,front facing,ambos,"teeth, text",2026,https://www.instagram.com/p/Dbk7S58Ilx5/,TRUE,TRUE,,certã,
2026/07/12,TRUE,611,Henrique Santos,25,neuroscientist,Coimbra,Coimbra,Portugal,direita,ambos,sillouette,2026,https://www.instagram.com/p/DbiWCW8o7gK/,TRUE,TRUE,,matilde,
2026/07/10,TRUE,610,António Branco,26,interactive game designer,Torres Vedras,Lisboa,Portugal,direita,ambos,"scenery, leg up",2026,https://www.instagram.com/p/DbfqWHboqwg/,TRUE,TRUE,,matilde,
2026/07/10,TRUE,609,Marcia,26,student,Torres Vedras,Lisboa,Portugal,esquerda,ambos,smiley face,2026,https://www.instagram.com/p/DbdNgwsIVcp/,TRUE,TRUE,,matilde,
2026/07/10,TRUE,608,Joana,26,architecht,Torres Vedras,Lisboa,Portugal,esquerda,só orelhas,just head,2026,https://www.instagram.com/p/Dbcr5HZIsib/,TRUE,TRUE,,matilde,
2026/07/10,TRUE,607,Rita Fonseca,27,designer,Linda a Velha,Lisboa,Portugal,esquerda,ambos,"mouth line, text",2026,https://www.instagram.com/p/DbaLZsHIi5z/,TRUE,TRUE,,matilde,
2026/07/10,TRUE,606,Rita Oliveira,25,bar manager,Lisboa,Lisboa,Portugal,esquerda,ambos,just head,2026,https://www.instagram.com/p/DbYCQ4Go0az/,TRUE,TRUE,,matilde,
2026/07/10,TRUE,605,Mariana Oliveira,27,designer,Constancia,Santarém,Portugal,direita,ambos,just head,2026,https://www.instagram.com/p/DbRJ6hro762/,TRUE,TRUE,,matilde,
2026/07/10,TRUE,604,Ana Costa,38,designer and marketeer,Amadora,Lisboa,Portugal,direita,ambos,foot line,2026,https://www.instagram.com/p/DbRJwUGIXxe/,TRUE,TRUE,,matilde,
2026/07/10,TRUE,603,Joana Santos,31,deisgner,Parede,Lisboa,Portugal,esquerda,ambos,just head,2026,http://instagram.com/p/DbQVSOoIzkK/,TRUE,TRUE,,matilde,
2026/07/04,TRUE,602,Luis Gabriel,33,,Lisboa,Lisboa,Portugal,esquerda,nenhum,abstract,2026,https://www.instagram.com/p/DbNz0NZomXa/,TRUE,TRUE,,matilde,
2026/07/03,TRUE,601,Lúcia Roberto,74,retired,São Miguel,Açores,Portugal,esquerda,só orelhas,"cartoonish, other animal vibes, dino",2026,https://www.instagram.com/p/DbLIRtroXo-/,TRUE,TRUE,,matilde,
2026/07/03,TRUE,600,José Roberto,75,translator,Lisboa,Lisboa,Portugal,esquerda,ambos,just head,2026,https://www.instagram.com/p/DbIrmYWIX9I/,TRUE,TRUE,,matilde,
2026/06/30,TRUE,599,Mariana,44,physical education teacher,Montinho,Coimbra,Portugal,esquerda,ambos,,2026,https://www.instagram.com/p/DbGFUU1o3lb/,TRUE,TRUE,,matilde,
2026/06/30,TRUE,598,Margarida Fernandes,51,designer,Penacova,Coimbra,Portugal,esquerda,ambos,interesting tail,2026,https://www.instagram.com/p/DbDeGu2opkN/,TRUE,TRUE,,matilde,
2026/06/30,TRUE,597,Maria Rafael,26,marketeer,Lisboa,Lisboa,Portugal,esquerda,ambos,just head,2026,https://www.instagram.com/p/DbA76VII8gt/,TRUE,TRUE,,matilde,
2026/06/30,TRUE,596,Mafalda Falcão,31,copywriter,Porto,Porto,Portugal,esquerda,ambos,"food or eating, just head",2026,https://www.instagram.com/p/Da-Tuhnop2S/,TRUE,TRUE,,matilde,
2026/06/30,TRUE,595,Yevgeniy,28,designer,Alvor,Faro,Portugal,esquerda,só crina,"crazy vibes, cartoonish, just head",2026,https://www.instagram.com/p/Da7vQIvooiJ/,TRUE,TRUE,,matilde,
2026/06/27,TRUE,594,Francisco Mahu,28,doctorate student,Leça da Palmeira,Porto,Portugal,esquerda,ambos,leg up,2026,https://www.instagram.com/p/Da43C36o_kS/,TRUE,TRUE,,matilde,
2026/06/27,TRUE,593,Simão Sousa,27,startup founder,Vila Nova de Gaia,Porto,Portugal,direita,ambos,,2026,https://www.instagram.com/p/Da2utBwoDpP/,TRUE,TRUE,,matilde,
2026/06/26,TRUE,592,Rina Thakkar,52,interior designer and photographer,Mumbai,,India,esquerda,nenhum,"other animal vibes, abstract",2026,https://www.instagram.com/p/Da0Bg3ZKSPT/,TRUE,TRUE,,matilde,
2026/06/26,TRUE,591,David Xavier,31,freelancer,Minas Gerais,Minas Gerais,Brasil,esquerda,ambos,just head,2026,https://www.instagram.com/p/Daxbr3ZImuU/,TRUE,TRUE,,matilde,
2026/06/26,TRUE,590,Eduardo Paiva,41,actor,São Paulo,São Paulo,Brasil,head turning,ambos,leg up,2026,https://www.instagram.com/p/Dau3ncaoCPX/,TRUE,TRUE,,matilde,
2026/06/26,TRUE,589,José Gonçalves,58,photographer and trainer,Lisboa,Lisboa,Portugal,direita,só orelhas,sillouette,2026,https://www.instagram.com/p/Dasd8yjIWod/,TRUE,TRUE,,matilde,
2026/06/26,TRUE,588,João Marcelino,29,photographer,Lisboa,Lisboa,Portugal,esquerda,ambos,"other animal vibes, rat vibes",2026,https://www.instagram.com/p/DapxUwkoUdQ/,TRUE,TRUE,,matilde,
2026/06/26,TRUE,587,Helen Vitoria,25,photographer,São Paulo,São Paulo,Brasil,direita,ambos,scenery,2026,https://www.instagram.com/p/DanLyUgo0lG/,TRUE,TRUE,,matilde,
2026/06/26,TRUE,586,João Canário,26,photographer,Torres Vedras,Lisboa,Portugal,esquerda,ambos,"spots, pooping or farting, scenery",2026,https://www.instagram.com/p/DakjpP-ofHd/,TRUE,TRUE,,matilde,
2026/06/26,TRUE,585,Francisco Rocha,24,photographer and graphic designer,São Miguel,Açores,Portugal,front facing,ambos,"other animal vibes, teeth, just head",2026,https://www.instagram.com/p/Dah_zVNoFBG/,TRUE,TRUE,,matilde,
2026/06/26,TRUE,584,Mariana Teixeira,21,photographer,Lagos,Faro,Portugal,esquerda,só crina,rectangular,2026,https://www.instagram.com/p/Dafev_BIvDS/,TRUE,TRUE,,matilde,
2026/06/19,TRUE,583,Jorge ,20,engineering student,Porto,Porto,Portugal,esquerda,nenhum,crazy vibes,2026,https://www.instagram.com/p/Dacsuybo_8k/,TRUE,TRUE,,matilde,
2026/06/19,TRUE,582,Teresa Conceição,27,nurse,,,Portugal,esquerda,ambos,"abstract, text",2026,https://www.instagram.com/p/DaapNiuI-VV/,TRUE,TRUE,,matilde,
2026/06/19,TRUE,581,Dominique Emilia,23,bass player,Espinho,Aveiro,Portugal,direita,só crina,"other animal vibes, text",2026,https://www.instagram.com/p/DaX7vkzIJN5/,TRUE,TRUE,,matilde,
2026/06/19,TRUE,580,Tunes,25,journalist,Beja,Beja,Portugal,direita,ambos,"foot line, mouth line, interesting tail",2026,https://www.instagram.com/p/DaVHVrxIPAh/,TRUE,TRUE,,matilde,
2026/06/19,TRUE,579,António,20,musician and student,Porto,Porto,Portugal,direita,só crina,crazy vibes,2026,https://www.instagram.com/p/DaShGiNINgN/,TRUE,TRUE,,matilde,
2026/06/19,TRUE,578,Bernardo,29,musician ,Caldas da Rainha,Leiria,Portugal,esquerda,ambos,"scenery, stick legs",2026,https://www.instagram.com/p/DaP9aKCovKW/,TRUE,TRUE,mordo mia e cortada,matilde,
2026/06/19,TRUE,577,José Dias,26,electrotechnical engineer,Santiago do Cacém,Setúbal,Portugal,direita,ambos,"scenery, leg up",2026,https://www.instagram.com/p/DaNYmxlITe_/,TRUE,TRUE,,matilde,
2026/06/13,TRUE,576,Leonor,20,biology student,Montijo,Setúbal,Portugal,front facing,ambos,"bojack, cartoonish, text",2026,https://www.instagram.com/p/DaK2vcAoSvy/,TRUE,TRUE,,matilde,
2026/06/05,TRUE,575,Su Leite,24,,Braga,Braga,Portugal,esquerda,ambos,text,2026,https://www.instagram.com/p/DaIXwzUobso/,TRUE,TRUE,,matilde,
2026/05/26,TRUE,574,Harry Wilkinson,,musician,,,UK,direita,nenhum,other animal vibes,2026,https://www.instagram.com/p/DaFruq7q-c7/,TRUE,TRUE,musico int maruja,matilde,
2026/05/23,TRUE,573,Orlando,34,programmer,Lisboa,Lisboa,Portugal,direita,só orelhas,,2026,https://www.instagram.com/p/DaDEUWbog6F/,TRUE,TRUE,,matilde,
2026/05/23,TRUE,572,Catarina Carreira,27,accountant,Rio Maior,Santarém,Portugal,esquerda,nenhum,,2026,https://www.instagram.com/p/DaAiJqoKTcM/,TRUE,TRUE,,matilde,
2026/05/23,TRUE,571,Teresa Martins,35,architect,Ourém,Santarém,Portugal,esquerda,nenhum,abstract,2026,https://www.instagram.com/p/DZ91FHboZeU/,TRUE,TRUE,,matilde,
2026/05/21,TRUE,570,Maggie,27,unemployed,Marvila,Lisboa,Portugal,direita,só orelhas,,2026,https://www.instagram.com/p/DZ7YPV7owyf/,TRUE,TRUE,,matilde,
2026/05/21,TRUE,569,Elisabete,28,waitress,Caldas da Rainha,Leiria,Portugal,esquerda,nenhum,abstract,2026,https://www.instagram.com/p/DZ4fVgWIcHr/,TRUE,TRUE,,matilde,
2026/05/21,TRUE,568,Pedro Borges,30,musician,Madeira,Madeira,Portugal,esquerda,ambos,just head,2026,https://www.instagram.com/p/DZ2U3zlog1q/,TRUE,TRUE,,matilde,
2026/05/21,TRUE,567,Mena Caostica,33,light designer,Lisboa,Lisboa,Portugal,esquerda,ambos,cool horse,2026,https://www.instagram.com/p/DZzpD7go_1i/,TRUE,TRUE,,matilde,
2026/05/21,TRUE,566,Iris,31,freelancer,Barreiro,Setúbal,Portugal,esquerda,só crina,balding,2026,https://www.instagram.com/p/DZw0e8goje0/,TRUE,TRUE,,matilde,
2026/05/03,TRUE,565,Sara Esteves,24,speach therapist,Bragança,Bragança,Portugal,esquerda,ambos,,2026,https://www.instagram.com/p/DZufVfYo_TJ/,TRUE,TRUE,,pita,
2026/05/02,TRUE,564,Francisca Gouveia,23,logistics operator,Maia,Porto,Portugal,esquerda,só crina,interesting tail,2026,https://www.instagram.com/p/DZr6ZzOoUz2/,TRUE,TRUE,,pita,
2026/05/02,TRUE,563,Alice Moreira,20,student,Vila Nova de Gaia,Porto,Portugal,esquerda,ambos,foot line,2026,https://www.instagram.com/p/DZpAcJaIm80/,TRUE,TRUE,,pita,
2026/05/02,TRUE,562,Adriana Silva,20,student,Vila do Conde,Porto,Portugal,esquerda,ambos,depressed vibes,2026,https://www.instagram.com/p/DZmxWoUINk3/,TRUE,TRUE,,pita,
2026/05/02,TRUE,561,Beatriz Teixeira,18,student,Vila Nova de Gaia,Porto,Portugal,esquerda,só orelhas,"tall legs, no eyes or mouth",2026,https://www.instagram.com/p/DZkW1jToYGB/,TRUE,TRUE,,pita,
2026/05/16,TRUE,560,Joana,28,social interventionist,,,Portugal,direita,só crina,text,2026,https://www.instagram.com/p/DZhu_vtogC8/,TRUE,TRUE,bue pernas,matilde,
2026/05/16,TRUE,559,Diogo Pinto,25,filmmaker,Porto,Porto,Portugal,esquerda,só crina,,2026,https://www.instagram.com/p/DZfC2C3iFg_/,TRUE,TRUE,,matilde,
2026/05/16,TRUE,558,Humberto,25,designer,Gondomar,Porto,Portugal,direita,só orelhas,"just head, mouth line",2026,https://www.instagram.com/p/DZcc9mNoOgL/,TRUE,TRUE,,matilde,
2026/05/16,TRUE,557,Guilherme Varanda,24,designer,Marco de Canaveses,Porto,Portugal,esquerda,só crina,tiny,2026,https://www.instagram.com/p/DZaCaOHIYjN/,TRUE,TRUE,,matilde,
2026/05/16,TRUE,556,João Oliveira,27,history and patrimony master student,Vila Nova de Gaia,Porto,Portugal,esquerda,só crina,,2026,https://www.instagram.com/p/DZXUao0oAG2/,TRUE,TRUE,,matilde,
2026/05/16,TRUE,555,Patrícia,23,english teacher,Baião,Porto,Portugal,esquerda,só orelhas,scenery,2026,https://www.instagram.com/p/DZUqqJgoYDi/,TRUE,TRUE,,matilde,
2026/05/16,TRUE,554,Tomás Nery,23,sociologist,Porto,Porto,Portugal,esquerda,só orelhas,"abstract, person riding",2026,https://www.instagram.com/p/DZSYa_dot3_/,TRUE,TRUE,,matilde,
2026/05/16,TRUE,553,Ana ,38,associate photo editor,Vila Nova de Gaia,Porto,Portugal,esquerda,só orelhas,"abstract, person riding",2026,https://www.instagram.com/p/DZPfEZoI9tW/,TRUE,TRUE,,matilde,
2026/04/19,TRUE,552,Gil Raro,30,tailor and sculptor,Santa Maria da Feira,Aveiro,Portugal,esquerda,ambos,"scenery, circles, no eyes or mouth",2026,https://www.instagram.com/p/DZNBIksoXSG/,TRUE,TRUE,,pita,
2026/04/19,TRUE,551,Herminio Fernandes,32,mechanical engineer,Povoa de Varzim,Porto,Portugal,head turning,ambos,rectangular,2026,https://www.instagram.com/p/DZKZe0WoJ6J/,TRUE,TRUE,,pita,
2026/04/19,TRUE,550,Andreia Luís,35,fitness instructor,Ponta do Sol,Madeira,Portugal,direita,ambos,balding,2026,https://www.instagram.com/p/DZHyR4BIg73/,TRUE,TRUE,,pita,
2026/04/19,TRUE,549,João Gomes,34,ice cream seller,Ponta do Sol,Madeira,Portugal,esquerda,só orelhas,,2026,https://www.instagram.com/p/DZFTlXaI-ss/,TRUE,TRUE,,pita,
2026/04/19,TRUE,548,João Andrade,16,student,Ponta do Sol,Madeira,Portugal,esquerda,só crina,"smiley face, interesting tail",2026,https://www.instagram.com/p/DZCpDJWIN1y/,TRUE,TRUE,,pita,
2026/05/09,TRUE,547,Maria Moreno,26,musician,Murcia,,Spain,esquerda,ambos,famous,2026,https://www.instagram.com/p/DZABdWGoPf0/,TRUE,TRUE,musico int,matilde,
2026/05/09,TRUE,546,Papico,29,musician,Benedita,Leiria,Portugal,front facing,ambos,"just head, mouth line",2026,https://www.instagram.com/p/DY9QdSUoIst/,TRUE,TRUE,maria reis,certã,
2026/05/09,TRUE,545,Bia Costa,23,student,Tavira,Faro,Portugal,esquerda,só crina,"dumb vibes, """"""cavalo"""""", text, rectangular",2026,https://www.instagram.com/p/DY67_FyI29b/,TRUE,TRUE,,matilde,
2026/05/09,TRUE,544,Tomé,24,musician,,,Portugal,esquerda,ambos,smiley face,2026,https://www.instagram.com/p/DY4q3P8IeY4/,TRUE,TRUE,maria reis,,
2026/05/09,TRUE,543,Maria Reis,32,musician,Lisboa,Lisboa,Portugal,esquerda,só orelhas,famous,2026,https://www.instagram.com/p/DY1wRIBIV3H/,TRUE,TRUE,maria reis,,
2026/05/09,TRUE,542,Filipa,27,Screenwriter and musician,Barreiro,Setúbal,Portugal,direita,só orelhas,"text, scenery",2026,https://www.instagram.com/p/DYzRPcfCEiq/,TRUE,TRUE,humana taranja,certã,
2026/05/09,TRUE,541,David Yala,28,archivist,Barreiro,Setúbal,Portugal,esquerda,só crina,moving,2026,https://www.instagram.com/p/DYwr8UoiG7G/,TRUE,TRUE,humana taranja,certã,
2026/05/08,TRUE,540,Miguel,21,musician,Almada,Setúbal,Portugal,esquerda,ambos,"cool horse, scenery",2026,https://www.instagram.com/p/DYuZMhmIpMv/,TRUE,TRUE,,matilde,
2026/05/08,TRUE,539,Dante Costa,23,cultural manager,Rio de Janeiro/Alhandra,,Brasil,front facing,ambos,"crazy vibes, tack",2026,https://www.instagram.com/p/DYri6aMCPyk/,TRUE,TRUE,,matilde,
2026/04/18,TRUE,538,Melissa,32,data analyst,Fortaleza,,Brasil,direita,só crina,"tiny, no eyes or mouth, foot line",2026,https://www.instagram.com/p/DYo6no9iDtt/,TRUE,TRUE,,matilde,
2026/04/17,TRUE,537,Manuel Neves,21,student,Lisboa,Lisboa,Portugal,esquerda,só orelhas,"abstract, mouth line",2026,https://www.instagram.com/p/DYmkXeJovwB/,TRUE,TRUE,,matilde,
2026/04/17,TRUE,536,Diogo Santos,21,student,Faro,Faro,Portugal,esquerda,nenhum,"person riding, balding, crazy vibes",2026,https://www.instagram.com/p/DYjzfuPoTwG/,TRUE,TRUE,,matilde,
2026/04/17,TRUE,535,Matilde,20,student,Montijo,Setúbal,Portugal,front facing,ambos,"just head, cool horse, mouth line",2026,https://www.instagram.com/p/DYhOenOI0PS/,TRUE,TRUE,,matilde,
2026/04/17,TRUE,534,Tomás Saraiva,24,artist and curator,Lisboa,Lisboa,Portugal,,,abstract,2026,https://www.instagram.com/p/DYeq-GVCJo4/,TRUE,TRUE,,matilde,
2026/04/17,TRUE,533,Pedro,22,Designer,Lisboa,Lisboa,Portugal,direita,ambos,,2026,https://www.instagram.com/p/DYZeVCBof7n/,TRUE,TRUE,,matilde,
2026/04/17,TRUE,532,Mariana Caldeira,23,painting student,Lisboa,Lisboa,Portugal,esquerda,ambos,mouth line,2026,https://www.instagram.com/p/DYW8jMwIRsx/,TRUE,TRUE,,matilde,
2026/04/17,TRUE,531,Tucas,23,Trassu CEO,Lisboa,Lisboa,Portugal,direita,só crina,"teeth, person riding",2026,https://www.instagram.com/p/DYUseNds0jE/,TRUE,TRUE,,matilde,
2026/04/17,TRUE,530,Mariana,22,drawing student,Lisboa,Lisboa,Portugal,esquerda,ambos,"speaking or thinking, leg up",2026,https://www.instagram.com/p/DYRzJ_xIREQ/,TRUE,TRUE,,matilde,
2026/04/17,TRUE,529,Rafy,23,painting student,Lisboa,Lisboa,Portugal,direita,ambos,"sillouette, text",2026,https://www.instagram.com/p/DYPOi6EIdVu/,TRUE,TRUE,,matilde,
2026/04/17,TRUE,528,Leonor,23,musician,Porto,Porto,Portugal,direita,ambos,spots,2026,https://www.instagram.com/p/DYMobSsiFAg/,TRUE,TRUE,donaranha,matilde,
2026/04/06,TRUE,527,Ana Mota,32,food engineer,Mafamude,Porto,Portugal,esquerda,ambos,,2026,https://www.instagram.com/p/DYKEGijiGZS/,TRUE,TRUE,,pita,
2026/04/06,TRUE,526,Armindo Pedro Tavares,72,retired,Vale de Cambra,Aveiro,Portugal,esquerda,só orelhas,moving,2026,https://www.instagram.com/p/DYIEsswCABC/,TRUE,TRUE,,pita,
2026/04/06,TRUE,525,Francelino Resende,56,driver,Santa Maria da Feira,Aveiro,Portugal,direita,só orelhas,"other animal vibes, smiley face",2026,https://www.instagram.com/p/DYE7HCpCGcM/,TRUE,TRUE,,pita,
2026/04/06,TRUE,524,Daniel Serralva,27,busInêssman,Santa Maria da Feira,Aveiro,Portugal,direita,só orelhas,"speaking or thinking, mouth line",2026,https://www.instagram.com/p/DYCrVCyiNI5/,TRUE,TRUE,,pita,
2026/04/06,TRUE,523,Inês Fernandes,14,student,Santa Maria da Feira,Aveiro,Portugal,esquerda,ambos,,2026,https://www.instagram.com/p/DYAMW9jCH2D/,TRUE,TRUE,,pita,
2026/04/06,TRUE,522,Marta Fernandes,21,psychology student,Santa Maria da Feira,Aveiro,Portugal,direita,ambos,"mouth line, rectangular",2026,https://www.instagram.com/p/DX9NWGqIF8U/,TRUE,TRUE,,pita,
2026/04/02,TRUE,521,Ricardo,26,works in automation,Moscavide,Lisboa,Portugal,esquerda,só crina,abstract,2026,https://www.instagram.com/p/DX6p8yrCP6_/,TRUE,TRUE,,matilde,
2026/04/02,TRUE,520,Telma,30,phd scholarship holder,Moscavide,Lisboa,Portugal,direita,só crina,"just head, mouth line",2026,https://www.instagram.com/p/DX4YLTxCCzK/,TRUE,TRUE,,matilde,
2026/04/02,TRUE,519,Raquel,30,cultural producer,Lisboa,Lisboa,Portugal,esquerda,ambos,"smiley face, rat vibes",2026,https://www.instagram.com/p/DX1ezqoCHt2/,TRUE,TRUE,,matilde,
2026/04/02,TRUE,518,Mariana,35,artist,Braga,Braga,Portugal,esquerda,ambos,cartoonish,2026,https://www.instagram.com/p/DXzDTJ-CFdp/,TRUE,TRUE,musico pt,matilde,
2026/04/02,TRUE,517,Eme ,34,musician,Lisboa,Lisboa,Portugal,direita,ambos,teeth,2026,https://www.instagram.com/p/DXw_hMoiABB/,TRUE,TRUE,musico pt,matilde,
2026/03/27,TRUE,516,Pedro Dantas,41,musician,,,Brasil,esquerda,ambos,,2026,https://www.instagram.com/p/DXuIjbyiAdT/,TRUE,TRUE,musico br,matilde,
2026/03/27,TRUE,515,Maria Guerra,20,painting student,Lisboa,Lisboa,Portugal,direita,só crina,"tall legs, no eyes or mouth",2026,https://www.instagram.com/p/DXrM215iFBv/,TRUE,TRUE,,matilde,
2026/03/15,TRUE,514,Fabio Magalhães,27,accountant and carpenter,Felgueiras,Porto,Portugal,esquerda,só orelhas,tiny,2026,https://www.instagram.com/p/DXoluKriJhx/,TRUE,TRUE,,pita,
2026/03/13,TRUE,513,Leonardo Pereira,20,student,Baião,Porto,Portugal,direita,ambos,"teeth, crazy vibes",2026,https://www.instagram.com/p/DXmBlxrCKV0/,TRUE,TRUE,,pita,
2026/03/13,TRUE,512,Sergio Godinho,80,singer-songwriter and composer,Porto,Porto,Portugal,esquerda,nenhum,abstract,2026,https://www.instagram.com/p/DXjWiI2CBzX/,TRUE,TRUE,musico pt,matilde,
2026/03/13,TRUE,511,Pedro Alves,18,student,Terceira,Açores,Portugal,direita,só crina,"mouth line, tiny",2026,https://www.instagram.com/p/DXg1AvqiDkt/,TRUE,TRUE,,pita,
2026/03/13,TRUE,510,Beatriz Gomes,21,student,Barcelos,Braga,Portugal,esquerda,ambos,scenery,2026,https://www.instagram.com/p/DXeNALhCIsj/,TRUE,TRUE,,pita,
2026/03/13,TRUE,509,Luisa Gonçalves,25,higher technitian ,Guimarães,Braga,Portugal,esquerda,ambos,,2026,https://www.instagram.com/p/DXb3b_tCM_j/,TRUE,TRUE,,pita,
2026/03/13,TRUE,508,Filipa Serra,19,student,Vila Nova de Gaia,Porto,Portugal,direita,só crina,"tongue out, crazy vibes",2026,https://www.instagram.com/p/DXZJgMFCL_0/,TRUE,TRUE,,pita,
2026/03/13,TRUE,507,Belém Costa,19,student,Caminha,Viana do Castelo,Portugal,esquerda,só crina,"tack, mouth line, foot line",2026,https://www.instagram.com/p/DXWhQBSCHz-/,TRUE,TRUE,,pita,
2026/03/13,TRUE,506,Bruno Meira,20,student,Rio Tinto,Porto,Portugal,esquerda,ambos,rectangular,2026,https://www.instagram.com/p/DXT_YAEiO-E/,TRUE,TRUE,,pita,
2026/03/13,TRUE,505,Diana Lopes,28,travel agent,Covilhã,Castelo Branco,Portugal,esquerda,ambos,abstract,2026,https://www.instagram.com/p/DXRa67EiNqF/,TRUE,TRUE,,pita,
2026/03/13,TRUE,504,Marta Pereira,18,student,Vila Praia de Âncora,Viana do Castelo,Portugal,esquerda,só orelhas,rat vibes,2026,https://www.instagram.com/p/DXO2LuhCPcy/,TRUE,TRUE,,pita,
2026/03/13,TRUE,503,Leonor Silva,19,student,Vila Nova de Famalicão,Braga,Portugal,esquerda,só orelhas,"speaking or thinking, teeth, crazy vibes",2026,https://www.instagram.com/p/DXMQ8wliEjX/,TRUE,TRUE,,pita,
2026/03/13,TRUE,502,Sarah Maia,21,student,Trofa,Porto,Portugal,esquerda,ambos,rectangular,2026,https://www.instagram.com/p/DXJslNciN-n/,TRUE,TRUE,,pita,
2026/03/13,TRUE,501,David Yaguas,23,student,São Paio de Oleiros,Aveiro,Portugal,direita,só crina,"[censored], crazy vibes",2026,https://www.instagram.com/p/DXHKihziD5d/,TRUE,TRUE,,pita,
2026/03/12,TRUE,500,Gabriel Passeira,18,student,Ermesinde,Porto,Portugal,esquerda,ambos,"[censored], mouth line",2026,https://www.instagram.com/p/DXEsaQCiPbh/,TRUE,TRUE,,pita,
2026/03/14,TRUE,499,Laura ,21,works at a wine bar,Coimbra,Coimbra,Portugal,esquerda,ambos,,2026,https://www.instagram.com/p/DXB4reHCLuu/,TRUE,TRUE,,matilde,
2026/03/14,TRUE,498,Tomás,33,director,Caldas da Rainha,Leiria,Portugal,esquerda,ambos,mouth line,2026,https://www.instagram.com/p/DW_WbP-CBOR/,TRUE,TRUE,,matilde,
2026/03/14,TRUE,497,Carlos Coutinho Vilhena,33,screenwriter,Lisboa,Lisboa,Portugal,direita,só crina,"spots, leg up",2026,https://www.instagram.com/p/DW80IEDiAAF/,TRUE,TRUE,celebridade,matilde,
2026/03/14,TRUE,496,Miguel,33,architecht,Lisboa,Lisboa,Portugal,esquerda,só crina,wavy,2026,https://www.instagram.com/p/DW6PlwhiIbN/,TRUE,TRUE,,matilde,
2026/03/13,TRUE,495,Alexa ,23,architecht,Lisboa,Lisboa,Portugal,esquerda,só orelhas,"leg up, scenery",2026,https://www.instagram.com/p/DW3nQRsiJ0Q/,TRUE,TRUE,,matilde,
2026/03/13,TRUE,494,Mariana Guerra,23,galerist assistant,Colares,Lisboa,Portugal,esquerda,ambos,"scenery, tack",2026,https://www.instagram.com/p/DW1BQVwiOsN/,TRUE,TRUE,,matilde,
2026/03/13,TRUE,493,Lucas,24,poet,Rio de Janeiro,Rio de Janeiro,Brasil,direita,só crina,interesting tail,2026,https://www.instagram.com/p/DWyh54wCHE9/,TRUE,TRUE,,matilde,
2026/03/13,TRUE,492,Vasco Tinoco,22,full time gooner,,,Cabo Verde,esquerda,só crina,"smiley face, foot line",2026,https://www.instagram.com/p/DWv3SaqiPgG/,TRUE,TRUE,,matilde,
2026/03/13,TRUE,491,João Lopes,25,physicist and artist,Caranguejeira,Leiria,Portugal,esquerda,ambos,,2026,https://www.instagram.com/p/DWtaErFiLJv/,TRUE,TRUE,,matilde,
2026/03/13,TRUE,490,João Maciel,21,musician,Amadora,Lisboa,Portugal,esquerda,só crina,"other animal vibes, smiley face",2026,https://www.instagram.com/p/DWq45L_iEx2/,TRUE,TRUE,,matilde,
2026/03/13,TRUE,489,Mariana Jorge,21,student,Setúbal,Setúbal,Portugal,esquerda,ambos,teeth,2026,https://www.instagram.com/p/DWoN7abiMpZ/,TRUE,TRUE,,matilde,
2026/03/13,TRUE,488,Carolina,21,student artist,Carcavelos,Lisboa,Portugal,front facing,ambos,just head,2026,https://www.instagram.com/p/DWlqPXMiNHK/,TRUE,TRUE,,matilde,
2026/03/11,TRUE,487,Ivan Gustavo,20,musician,Aveiro,Aveiro,Portugal,esquerda,ambos,"scenery, tack, food or eating",2026,https://www.instagram.com/p/DWi-gA9iBEc/,TRUE,TRUE,,pita,
2026/03/11,TRUE,486,Lia Roca,18,student,Porto,Porto,Portugal,esquerda,só orelhas,"tack, mouth line, other animal vibes",2026,https://www.instagram.com/p/DWgg2m8iKUb/,TRUE,TRUE,,pita,
2026/03/11,TRUE,485,Mafalda Ramos,18,singer,Aveiro,Aveiro,Portugal,direita,ambos,crazy vibes,2026,https://www.instagram.com/p/DWd62X5iPs8/,TRUE,TRUE,,pita,
2026/03/11,TRUE,484,Nuno Camelo,33,musician,Porto,Porto,Portugal,direita,só crina,,2026,https://www.instagram.com/p/DWbg2aXiGOQ/,TRUE,FALSE,,pita,
2026/03/11,TRUE,483,António Carmo,25,designer,Lisboa,Lisboa,Portugal,direita,ambos,,2026,https://www.instagram.com/p/DWY4IWGiDBX/,TRUE,TRUE,,matilde,
2026/02/27,TRUE,482,Elisa Castro,27,works in cinema,Vila Nova de Gaia,Porto,Portugal,esquerda,só orelhas,"tack, no eyes or mouth",2026,https://www.instagram.com/p/DWWnj5ICAbz/,TRUE,TRUE,,pita,
2026/03/01,TRUE,481,Arnaud,46,Philosopher,Paris,,France,esquerda,só orelhas,"crazy vibes, tall legs",2026,https://www.instagram.com/p/DWTudfSiHV8/,TRUE,TRUE,,matilde,
2026/03/01,TRUE,480,Barbara,35,Legal council for real estate law,Paris,,France,esquerda,ambos,"mouth line, foot line",2026,https://www.instagram.com/p/DWROQGiCPF_/,TRUE,TRUE,,matilde,
2026/03/01,TRUE,479,Miguel,52,restaurant manager,Paris,,France,esquerda,só orelhas,"rat vibes, tiny",2026,https://www.instagram.com/p/DWOkxWECAi8/,TRUE,TRUE,,matilde,
2026/02/27,TRUE,478,Camille,33,tattoo artist,Montreuil,,France,esquerda,ambos,"pooping or farting, smiley face, cartoonish, tattoo",2026,https://www.instagram.com/p/DWL_9c7iCMX/,TRUE,TRUE,,matilde,
2026/02/27,TRUE,477,Natalie,55,merchant,Saint Jean de Maurienne,,France,esquerda,ambos,"abstract, scenery, tack",2026,https://www.instagram.com/p/DWJbPdniJv7/,TRUE,TRUE,,matilde,
2026/02/27,TRUE,476,Hughes,50,music teacher,Dax,,France,direita,ambos,,2026,https://www.instagram.com/p/DWG8M8aCMLg/,TRUE,TRUE,,matilde,
2026/02/26,TRUE,475,Loukarl-lucas,28,ux designer,Cenay-le-châtel,,France,head turning,ambos,"""""""cavalo"""""", text, no eyes or mouth",2026,https://www.instagram.com/p/DWELQqKiMu5/,TRUE,TRUE,,matilde,
2026/02/24,TRUE,474,Yoanna,26,works at a concert venue,Mayenne,,France,esquerda,ambos,smiley face,2026,https://www.instagram.com/p/DWB2CjFiCIj/,TRUE,TRUE,,matilde,
2026/02/24,TRUE,473,Pascale,62,graphic designer,Paris,,France,direita,ambos,"moving, spots",2026,https://www.instagram.com/p/DV_JkO2CEvx/,TRUE,TRUE,,matilde,
2026/02/24,TRUE,472,Avril,23,art school student and musician,Paris,,France,esquerda,ambos,"cartoonish, mouth line",2026,https://www.instagram.com/p/DV9GEuviE6c/,TRUE,TRUE,,matilde,
2026/02/24,TRUE,471,Judie,25,works in concert production,Paris,,France,direita,ambos,tiny,2026,https://www.instagram.com/p/DV6DsaRiDfT/,TRUE,TRUE,,matilde,
2026/02/24,TRUE,470,Jules,28,music journalist ,Paris,,France,esquerda,ambos,"bojack, cool horse",2026,https://www.instagram.com/p/DV3hjBtCKuP/,TRUE,TRUE,,matilde,
2026/02/24,TRUE,469,Jude,23,musician,Paris,,France,direita,ambos,,2026,https://www.instagram.com/p/DV01BT9iGht/,TRUE,TRUE,,matilde,
,TRUE,468,Inês Almeida,52,changemaker,Setúbal / Sydney,,Portugal / Australia,esquerda,só crina,"abstract, text, cartoonish, no eyes or mouth",2025,https://www.instagram.com/p/DVycw29COgK/,TRUE,TRUE,,matilde,
2026/02/22,TRUE,467,Miguel Rodrigues,62,safety and health technician,Viana do Castelo,Viana do Castelo,Portugal,direita,ambos,,2026,https://www.instagram.com/p/DVwLCmUCIxN/,TRUE,TRUE,,matilde,
2026/02/21,TRUE,466,Vanda Balinha,32,illustrator,Viana do Castelo,Viana do Castelo,Portugal,esquerda,ambos,interesting tail,2026,https://www.instagram.com/p/DVtNaooiGI3/,TRUE,TRUE,,matilde,
2026/02/21,TRUE,465,António Faísca,79,retired,Viana do Castelo,Viana do Castelo,Portugal,direita,só orelhas,other animal vibes,2026,https://www.instagram.com/p/DVqkkpKiAHv/,TRUE,TRUE,,matilde,
2026/02/14,TRUE,464,Catarina,22,veterinary,Oeiras,Lisboa,Portugal,esquerda,ambos,,2026,https://www.instagram.com/p/DVn9svzCFBR/,TRUE,TRUE,,matilde,
2026/02/14,TRUE,463,André Pinto,23,engineering student,Oeiras,Lisboa,Portugal,direita,ambos,moving,2026,https://www.instagram.com/p/DVlYCTMCDvM/,TRUE,TRUE,,matilde,
2026/02/14,TRUE,462,Brito,22,product designer,Oeiras,Lisboa,Portugal,esquerda,só orelhas,"scenery, """"""cavalo""""""",2026,https://www.instagram.com/p/DVjFomYiLDG/,TRUE,TRUE,,matilde,
2026/02/14,TRUE,461,Rui Carmo,25,law student,Seixal,Setúbal,Portugal,esquerda,só crina,"other animal vibes, spots",2026,https://www.instagram.com/p/DVgPEyyiH5y/,TRUE,TRUE,,matilde,
2026/02/14,TRUE,460,Miguel Gaspar,22,engineering student,Oeiras,Lisboa,Portugal,direita,só crina,rectangular,2026,https://www.instagram.com/p/DVd0rqAiLO2/,TRUE,TRUE,,matilde,
2026/02/14,TRUE,459,Inês Agulhas,20,medicine student,Massamá,Lisboa,Portugal,direita,só crina,other animal vibes,2026,https://www.instagram.com/p/DVbGOhMCKLv/,TRUE,TRUE,,matilde,
2026/02/14,TRUE,458,Tiago Graça,20,sociology student,Massamá,Lisboa,Portugal,esquerda,só crina,,2026,https://www.instagram.com/p/DVYc1gdCEhG/,TRUE,TRUE,,matilde,
2026/02/14,TRUE,457,Beatriz Martinho,21,informatics engineering student,Lisboa,Lisboa,Portugal,direita,ambos,"spots, leg up",2026,https://www.instagram.com/p/DVV9z73CIIo/,TRUE,TRUE,,matilde,
2026/02/13,TRUE,456,Maria,25,librarian,Lisboa,Lisboa,Portugal,esquerda,ambos,"abstract, tiny",2026,https://www.instagram.com/p/DVTQaxSCOVz/,TRUE,TRUE,,matilde,
,TRUE,455,Ana Malheiro,33,organization professional ,Viana do Castelo,Viana do Castelo,Portugal,direita,só orelhas,"other animal vibes, tack, tongue out, interesting tail",2025,https://www.instagram.com/p/DVQ-ei5iGfI/,TRUE,TRUE,,matilde,
2026/01/31,TRUE,454,Emilia,28,doctor,Porto,Porto,Portugal,esquerda,ambos,"just head, no eyes or mouth",2026,https://www.instagram.com/p/DVOPzWmiLBg/,TRUE,TRUE,,matilde,
2026/01/31,TRUE,453,Rui,30,truck driver,Arouca,Aveiro,Portugal,esquerda,só crina,"other animal vibes, stick legs",2026,https://www.instagram.com/p/DVL3oetCLPa/,TRUE,TRUE,,matilde,
2025/12/25,TRUE,452,Inês Pita,22,student,Porto Moniz,Madeira,Portugal,esquerda,ambos,scenery,2026,https://www.instagram.com/p/DVI9PKpCPV9/,TRUE,TRUE,,pita,
2025/12/25,TRUE,451,Emanuel Inácio,20,musician,Ponta do Sol,Madeira,Portugal,esquerda,só crina,"other animal vibes, stick legs, interesting tail",2026,https://www.instagram.com/p/DVGeSxmiM4R/,TRUE,TRUE,,pita,
2025/12/25,TRUE,450,Tomás Inácio,14,student,Ponta do Sol,Madeira,Portugal,esquerda,só crina,"dumb vibes, stick legs",2026,https://www.instagram.com/p/DVD96F1COr_/,TRUE,TRUE,,pita,
2026/01/13,TRUE,449,Sara Meireles,19,student,Mondim de Basto,Vila Real,Portugal,esquerda,ambos,tall legs,2026,https://www.instagram.com/p/DVBVO-iiK12/,TRUE,TRUE,,pita,
2026/01/13,TRUE,448,Simão Carneiro,18,student,Freamunde,Porto,Portugal,esquerda,só crina,tiny,2026,https://www.instagram.com/p/DU_29IFiD6_/,TRUE,TRUE,,pita,
2026/01/13,TRUE,447,Afonso Dias,18,student,São Miguel,Açores,Portugal,esquerda,ambos,just head,2026,https://www.instagram.com/p/DU8TJseiCj4/,TRUE,TRUE,,pita,
2026/01/13,TRUE,446,Maria Boa Nova,18,student,Vila Nova de Gaia,Porto,Portugal,esquerda,ambos,,2026,https://www.instagram.com/p/DU5u5g7CMFN/,TRUE,TRUE,,pita,
2026/01/13,TRUE,445,Inês Silva,19,student,Paços de Ferreira,Porto,Portugal,esquerda,só orelhas,other animal vibes,2026,https://www.instagram.com/p/DU3EtmZiCEX/,TRUE,TRUE,,pita,
2026/01/13,TRUE,444,Beatriz Pereira,19,student,Paredes,Porto,Portugal,esquerda,ambos,stick legs,2026,https://www.instagram.com/p/DU0dLx4iDcJ/,TRUE,TRUE,,pita,
2026/01/13,TRUE,443,Rubina Freitas,18,student,Santa Cruz,Madeira,Portugal,esquerda,ambos,stick legs,2026,https://www.instagram.com/p/DUx50ZOCKvG/,TRUE,TRUE,,pita,
2026/01/26,TRUE,442,Luísa Alegre,24,culinary student and audiovisual freelancer,Porto,Porto,Portugal,esquerda,só crina,"mouth line, moving",2026,https://www.instagram.com/p/DUvT4c7CBC-/,TRUE,TRUE,,matilde,
2026/01/25,TRUE,441,Francisco Patrocinio,26,forest engineer,Lisboa,Lisboa,Portugal,esquerda,ambos,"spots, food or eating, cartoonish",2026,https://www.instagram.com/p/DUswnAziHNi/,TRUE,TRUE,,,
2026/01/16,TRUE,440,Carolina Borges,22,psychology masters student,Lisboa,Lisboa,Portugal,esquerda,ambos,no eyes or mouth,2026,https://www.instagram.com/p/DUqKqF_CJjE/,TRUE,TRUE,,matilde,
2026/01/16,TRUE,439,João Rocha,23,informatics engineering student,Lisboa,Lisboa,Portugal,front facing,ambos,"tongue out, just head, mouth line",2026,https://www.instagram.com/p/DUnlm7XiNIC/,TRUE,TRUE,,matilde,
2026/01/16,TRUE,438,Matilde Murias,19,photography student,Porto,Porto,Portugal,esquerda,ambos,"crazy vibes, other animal vibes, tiny",2026,https://www.instagram.com/p/DUlC3a3CE1H/,TRUE,TRUE,,matilde,
2026/01/16,TRUE,437,Tomé,20,guitarist,Lavra,Porto,Portugal,direita,só crina,"scenery, speaking or thinking, pooping or farting",2026,https://www.instagram.com/p/DUicHXriFNr/,TRUE,TRUE,,matilde,
2026/01/16,TRUE,436,Isabella,19,fine arts student,Gondomar,Porto,Portugal,esquerda,ambos,"sillouette, no eyes or mouth",2026,https://www.instagram.com/p/DUf7YEDiHcW/,TRUE,TRUE,,matilde,
2026/01/12,TRUE,435,Miguel Baptista,26,idiot,Lisboa,Lisboa,Portugal,esquerda,ambos,"spots, leg up",2026,https://www.instagram.com/p/DUdXGYfCJk-/,TRUE,TRUE,,matilde,
2026/01/10,TRUE,434,António Amoedo,25,musician and anthropology student,Lisboa,Lisboa,Portugal,direita,ambos,tall legs,2026,https://www.instagram.com/p/DUasv4VCPEg/,TRUE,TRUE,mordo mia,matilde,
2026/01/10,TRUE,433,António,32,journalist,Lisboa,Lisboa,Portugal,direita,ambos,"text, standing, smiley face",2026,https://www.instagram.com/p/DUYIqYqCKly/,TRUE,TRUE,,matilde,
,TRUE,432,André Cabral,52,architecht,Porto,Porto,Portugal,esquerda,ambos,,2025,https://www.instagram.com/p/DUVji0YiPwJ/,TRUE,TRUE,,matilde,
,TRUE,431,Margarida Pereira,23,law intern,Celourico da Beira,Guarda,Portugal,front facing,ambos,"just head, crazy vibes",2025,https://www.instagram.com/p/DS8HFoviIIg/,TRUE,TRUE,,matilde,
,TRUE,430,José Manuel Pereira,56,broker,Santa Maria da Feira,Aveiro,Portugal,esquerda,só orelhas,"tongue out, no eyes or mouth, tall legs",2025,https://www.instagram.com/p/DS8Bi_RCMXf/,TRUE,TRUE,,pita,
,TRUE,429,Soraia Moreira,19,student,Marco de Canaveses,Porto,Portugal,esquerda,ambos,teeth,2025,https://www.instagram.com/p/DS733t_iAC_/,TRUE,TRUE,,pita,
2025/11/28,TRUE,428,Giuseppe,22,management engineering student,Sicily,,Italy,esquerda,só crina,balding,2025,https://www.instagram.com/p/DS7jBqVCMDn/,TRUE,TRUE,,matilde,
2025/11/28,TRUE,427,Andrea,22,aerospace engineering student,Sicily,,Italy,esquerda,nenhum,"depressed vibes, balding",2025,https://www.instagram.com/p/DS7i7JECPwx/,TRUE,TRUE,,matilde,
,TRUE,426,Daniela Pontemieiro,22,HR technitian,Vale de Cambra,Aveiro,Portugal,esquerda,só orelhas,,2025,https://www.instagram.com/p/DS5tQm9iNUG/,TRUE,TRUE,,pita,
2025/11/28,TRUE,425,Anna,21,classics student,Sicily,,Italy,esquerda,ambos,"spots, ""unicorn, rainbow & wings""",2025,https://www.instagram.com/p/DS5ZVX8iMi6/,TRUE,TRUE,,matilde,
2025/11/29,TRUE,424,Lara Minchin,23,musician,,,Ireland,direita,ambos,smiley face,2025,https://www.instagram.com/p/DS4_yAyCJMn/,TRUE,TRUE,,matilde,
,TRUE,423,Miguel Bragança,25,painter,Porto,Porto,Portugal,front facing,ambos,"scenery, text, cartoonish",2025,https://www.instagram.com/p/DS42pUTCF4d/,TRUE,TRUE,,matilde,
,TRUE,422,Carolina,24,nurse,Lisboa,Lisboa,Portugal,direita,ambos,"rat vibes, teeth, foot line, interesting tail",2025,https://www.instagram.com/p/DS3KobJCMCi/,TRUE,TRUE,,matilde,
,TRUE,421,Sofia Lourenço,25,event planner,Lisboa,Lisboa,Portugal,esquerda,ambos,tongue out,2025,https://www.instagram.com/p/DS3KjVjCJLj/,TRUE,TRUE,,matilde,
,TRUE,420,Gabriela Pontemieiro,20,student,Vale de Cambra,Aveiro,Portugal,esquerda,ambos,"balding, teeth",2025,https://www.instagram.com/p/DS0ftooCAHE/,TRUE,TRUE,,pita,
,TRUE,419,João Pinheiro,19,student,Baião,Porto,Portugal,esquerda,só crina,,2025,https://www.instagram.com/p/DS0JyhjiH7W/,TRUE,TRUE,,pita,
,TRUE,418,Rita Magalhães,20,student,Vila Nova de Gaia,Porto,Portugal,direita,nenhum,"depressed vibes, interesting tail",2025,https://www.instagram.com/p/DSzipFxiBah/,TRUE,TRUE,,pita,
,TRUE,417,Mariana Rodrigues,19,student,Ribeira Brava,Madeira,Portugal,front facing,só orelhas,"bojack, just head",2025,https://www.instagram.com/p/DSxAVKGCGLh/,TRUE,TRUE,,pita,
,TRUE,416,Maria João Monteiro,22,HR technitian,Vale de Cambra,Aveiro,Portugal,direita,só orelhas,"rat vibes, crazy vibes",2025,https://www.instagram.com/p/DSnpkqlCPUD/,TRUE,TRUE,,pita,
2025/12/05,TRUE,415,Filipe,34,sound technitian,Serra da Lousã,Coimbra,Portugal,esquerda,ambos,cartoonish,2025,https://www.instagram.com/p/DSZ5PBeCN9V/,TRUE,TRUE,,matilde,
2025/12/05,TRUE,414,Filipe da Graça,39,works in cinema,Albufeira,Faro,Portugal,direita,só crina,tall legs,2025,https://www.instagram.com/p/DSXM_jRiALR/,TRUE,TRUE,musico pt,matilde,
2025/12/05,TRUE,413,Caca,24,environment engineering,Lisboa,Lisboa,Portugal,esquerda,só orelhas,"person riding, ""unicorn, rainbow & wings"", circles",2025,https://www.instagram.com/p/DSQBCxlCJ1t/,TRUE,TRUE,,matilde,
2025/12/05,TRUE,412,Guilherme Firmino,25,musician and sound technitian ,Barreiro,Setúbal,Portugal,esquerda,ambos,spots,2025,https://www.instagram.com/p/DSNBz3aiJXh/,TRUE,TRUE,,matilde,
2025/12/05,TRUE,411,Johnny,28,"carpentry teacher, musician and good will",Parede,Lisboa,Portugal,front facing,ambos,"just head, cool horse",2025,https://www.instagram.com/p/DSKdva5CEE_/,TRUE,TRUE,musico pt,matilde,
2025/12/05,TRUE,410,Ana Begonha,27,journalist,Lisboa,Lisboa,Portugal,esquerda,só crina,"balding, tall legs",2025,https://www.instagram.com/p/DSH56TMCNg7/,TRUE,TRUE,,matilde,
,TRUE,409,Beatriz Pereira,10,,Santa Maria da Feira,Aveiro,Portugal,direita,só crina,other animal vibes,2025,https://www.instagram.com/p/DSFx2CDiMD4/,TRUE,TRUE,,pita,
,TRUE,408,Diana Resende,26,photographer,Santa Maria da Feira,Aveiro,Portugal,esquerda,ambos,,2025,https://www.instagram.com/p/DSCr0GvCJ4o/,TRUE,TRUE,,pita,
,TRUE,407,Tiago Maia,31,factory worker,Santa Maria da Feira,Aveiro,Portugal,esquerda,só orelhas,dumb vibes,2025,https://www.instagram.com/p/DSAW87ziFZn/,TRUE,TRUE,,pita,
,TRUE,406,Juliana Martins,30,cork factory worker,Santa Maria da Feira,Aveiro,Portugal,esquerda,ambos,"other animal vibes, foot line",2025,https://www.instagram.com/p/DR9yk1UCEf1/,TRUE,TRUE,,pita,
,TRUE,405,Fátima Tavares,56,dentist assistant,Santa Maria da Feira,Aveiro,Portugal,esquerda,só crina,,2025,https://www.instagram.com/p/DR7WQkrCNBc/,TRUE,TRUE,,pita,
,TRUE,404,Duarte Pinto,7,,Santa Maria da Feira,Aveiro,Portugal,esquerda,só orelhas,"rat vibes, other animal vibes, rectangular",2025,https://www.instagram.com/p/DR4sRhPCPrN/,TRUE,TRUE,,pita,
,TRUE,403,Eduarda Pinto,2,,Santa Maria da Feira,Aveiro,Portugal,,,abstract,2025,https://www.instagram.com/p/DR2G_mCiFMY/,TRUE,TRUE,,pita,
,TRUE,402,Fernando Pinto,39,pastry chef,Santa Maria da Feira,Aveiro,Portugal,esquerda,ambos,"crazy vibes, [censored], interesting tail",2025,https://www.instagram.com/p/DRzawgRCA2l/,TRUE,TRUE,,pita,
,TRUE,401,Cátia Sores,37,tutor,Santa Maria da Feira,Aveiro,Portugal,esquerda,só orelhas,interesting tail,2025,https://www.instagram.com/p/DRxavauiF9k/,TRUE,TRUE,,pita,
2025/11/27,TRUE,400,Inês Aires,27,director,Costa da Caparica,Setúbal,Portugal,esquerda,ambos,,2025,https://www.instagram.com/p/DRuI8QkiOeW/,TRUE,TRUE,,matilde,
2025/11/27,TRUE,399,João Borsch,25,musician,Funchal,Madeira,Portugal,esquerda,só orelhas,"other animal vibes, famous",2025,https://www.instagram.com/p/DRrm1YvCLka/,TRUE,TRUE,musico pt,matilde,
2025/11/27,TRUE,398,João Roque,,musician,Viseu,Viseu,Portugal,esquerda,ambos,"balding, famous",2025,https://www.instagram.com/p/DRo9DtYCEzq/,TRUE,TRUE,mordo mia,matilde,
2025/11/27,TRUE,397,Rita Carlos,25,communication advisor,Cascais,Lisboa,Portugal,direita,só crina,tack,2025,https://www.instagram.com/p/DRmOcf4CLDO/,TRUE,TRUE,,matilde,
2025/11/20 00:42:35,TRUE,396,Raquel Pimpao,30,musician,Lisboa,Lisboa,Portugal,direita,só crina,"famous, smiley face",2025,https://www.instagram.com/p/DRkWut4CI3B/,TRUE,TRUE,musico pt,matilde,
2025/11/20 00:42:50,TRUE,395,Lana Gasparotti,30,Multi instrumentalist,Lagos,Faro,Portugal,esquerda,ambos,famous,2025,https://www.instagram.com/p/DRiYbGPiDkU/,TRUE,TRUE,musico pt,matilde,
2025/11/04,TRUE,394,Diogo Leonardo,25,,Lisboa,Lisboa,Portugal,esquerda,ambos,pooping or farting,2025,https://www.instagram.com/p/DRXrbJoiLNS/,TRUE,TRUE,,matilde,
2025/11/04,TRUE,393,Eduardo,26,researcher,Porto de Mós,Leiria,Portugal,head turning,só orelhas,,2025,https://www.instagram.com/p/DRVDP6ZiI3D/,TRUE,TRUE,,matilde,
2025/11/04,TRUE,392,Finn,27,startup founder,,,Germany,esquerda,ambos,"just head, tongue out",2025,https://www.instagram.com/p/DRSXfuWCPaa/,TRUE,TRUE,,matilde,
2025/11/04,TRUE,391,Carolina,30,unemployed surfer,Cidade do Mexico,,Mexico,esquerda,ambos,smiley face,2025,https://www.instagram.com/p/DRPX4VoCBHc/,TRUE,TRUE,,matilde,
2025/11/05,TRUE,390,Daniel,25,accessibility designer,Braga,Braga,Portugal,direita,ambos,"tack, mouth line",2025,https://www.instagram.com/p/DRMZdF6iNo7/,TRUE,TRUE,,matilde,
2025/11/05,TRUE,389,Vera Marmelo,40,photographer,,,Portugal,esquerda,ambos,"crazy vibes, famous, scenery, tack",2025,https://www.instagram.com/p/DRC1onmiKtF/,TRUE,TRUE,,matilde,
2025/11/02 19:04:40,TRUE,388,Tome Quadros,23,student,Marinha Grande,Leiria,Portugal,front facing,ambos,"tack, teeth, foot line",2025,https://www.instagram.com/p/DRAVxc_iEYO/,TRUE,TRUE,,matilde,
2025/11/02 18:58:27,TRUE,387,Caetana Santos,20,student,Lisboa,Lisboa,Portugal,esquerda,ambos,"bojack, scenery",2025,https://www.instagram.com/p/DQ91dtuCM9P/,TRUE,TRUE,,matilde,
2025/11/02 19:02:27,TRUE,386,Ipsito Bhaduri,21,student and risk taker,Kolkata ,,India,esquerda,só crina,leg up,2025,https://www.instagram.com/p/DQ7bOlWiB_3/,TRUE,TRUE,,matilde,
2025/11/02 18:46:54,TRUE,385,Laura Abreu,20,teacher,Figueira da Foz,Coimbra,Portugal,direita,ambos,"scenery, tack",2025,https://www.instagram.com/p/DQ1t4U5iI18/,TRUE,TRUE,,matilde,
2025/09/25,TRUE,384,Alex Frackenpohl,36,Intern,New York,New York,USA,esquerda,ambos,person riding,2025,https://www.instagram.com/p/DQxAG54iOSI/,TRUE,TRUE,,matilde,
2025/09/25,TRUE,383,Jorge Menino Castro,31,innovation consultant,Porto,Porto,Portugal,direita,só crina,moving,2025,https://www.instagram.com/p/DQtv26_iGcv/,TRUE,TRUE,,matilde,
2025/09/25,TRUE,382,Alex Huber,25,innovation analyst intern,Munich,,Germany,esquerda,ambos,tall legs,2025,https://www.instagram.com/p/DQmopA8CP64/,TRUE,TRUE,,matilde,
,TRUE,381,Henrique Sousa,21,marketeer,Castelo de Paiva,Aveiro,Portugal,direita,só crina,"balding, other animal vibes, circular",2025,https://www.instagram.com/p/DQhSB5rCFPC/,TRUE,TRUE,,pita,
,TRUE,380,Rafael Mansilha,21,marketeer,Peso da Régua,Vila Real,Portugal,esquerda,ambos,"bojack, cool horse, depressed vibes",2025,https://www.instagram.com/p/DQcigb1CKx2/,TRUE,TRUE,,pita,
,TRUE,379,Francisca Dias,23,marketeer,Rio Tinto,Porto,Portugal,esquerda,ambos,mouth line,2025,https://www.instagram.com/p/DQZa3EaCN1B/,TRUE,TRUE,,pita,
,TRUE,378,Manuela Tavares,53,Cleaner,Santa Maria da Feira,Aveiro,Portugal,esquerda,só crina,balding,2025,https://www.instagram.com/p/DQWwglnCLI_/,TRUE,TRUE,,pita,
,TRUE,377,Antero Tavares,80,Retired farmer,Santa Maria da Feira,Aveiro,Portugal,esquerda,só orelhas,"other animal vibes, crazy vibes, wavy",2025,https://www.instagram.com/p/DQUkRcWCLUJ/,TRUE,TRUE,,pita,
,TRUE,376,Carolina Pereira,21,Terapeuta da Fala,Santa Maria da Feira,Aveiro,Portugal,esquerda,só orelhas,rectangular,2025,https://www.instagram.com/p/DQSVRfAiOdD/,TRUE,TRUE,,pita,
2025/10/09,TRUE,375,Catarina,22,,Lisboa,Lisboa,Portugal,direita,ambos,"teeth, cartoonish",2025,https://www.instagram.com/p/DQOwcJxCPnA/,TRUE,TRUE,,matilde,
2025/10/09,TRUE,374,Francesca Ribeiro,25,Cultural producer,São Paulo,São Paulo,Brasil,front facing,só orelhas,just head,2025,https://www.instagram.com/p/DQMUJ3hCNnr/,TRUE,TRUE,,matilde,
2025/10/09,TRUE,373,Felipe Vaqueiro,28,musician,Salvador,Bahia,Brasil,direita,ambos,"leg up, moving, cool horse",2025,https://www.instagram.com/p/DQJsLh7CHpU/,TRUE,TRUE,musico br,matilde,
2025/10/09,TRUE,372,Sophia Chablau,,Composer,São Paulo,São Paulo,Brasil,direita,só crina,"other animal vibes, famous, cartoonish, interesting tail",2025,https://www.instagram.com/p/DQHOhwsCLmH/,TRUE,TRUE,musico br,matilde,
2025/10/09,TRUE,371,Matilde Inês,23,journalist,Torres Vedras,Lisboa,Portugal,esquerda,só crina,"""""""cavalo"""""", interesting tail, other animal vibes",2025,https://www.instagram.com/p/DQEjB9QCMmU/,TRUE,TRUE,,matilde,
,TRUE,370,Marco Macedo,24,Physical education teacher,Ponta do Sol,Madeira,Portugal,esquerda,ambos,"scenery, tall legs",2025,https://www.instagram.com/p/DQCZs5QCJJB/,TRUE,TRUE,,pita,
,TRUE,369,Inês Pestana,24,student,Ribeira Brava,Madeira,Portugal,esquerda,ambos,,2025,https://www.instagram.com/p/DQB1SBziEtH/,TRUE,TRUE,,pita,
,TRUE,368,Alexandre Lança,23,Law student,Golegã,Santarém,Portugal,direita,ambos,"scenery, person riding",2025,https://www.instagram.com/p/DP_aRTtiFcq/,TRUE,TRUE,,pita,
,TRUE,367,Maeve Shumate,25,Economics and Management of Arts and Cultural Activities masters student,,,Italy / USA,esquerda,ambos,,2025,https://www.instagram.com/p/DP8xXHniCYm/,TRUE,TRUE,,pita,
,TRUE,366,Cecília Faria,51,Nurse,Funchal,Madeira,Portugal,esquerda,só crina,"balding, scenery",2025,https://www.instagram.com/p/DP6Mc1biBt3/,TRUE,TRUE,,pita,
,TRUE,365,Mafalda Silva,22,designer,Santo Tirso,Porto,Portugal,esquerda,ambos,"just head, tongue out, cartoonish",2025,https://www.instagram.com/p/DP4FxDliODD/,TRUE,TRUE,,matilde,
2025/09/23,TRUE,364,Ben Sadler ,30,musician,Bristol,,UK,esquerda,só crina,"crazy vibes, just head, famous, tongue out",2025,https://www.instagram.com/p/DP1429piG3H/,TRUE,TRUE,musico int,matilde,
2025/09/23,TRUE,363,Josh Law,30,musician,Bristol,,UK,esquerda,só crina,"rat vibes, famous, other animal vibes",2025,https://www.instagram.com/p/DP1NTHsCN9P/,TRUE,TRUE,musico int,matilde,
2025/09/23,TRUE,362,João Marques,25,musician,Viana do Castelo,Viana do Castelo,Portugal,esquerda,ambos,[censored],2025,https://www.instagram.com/p/DPyacu-CLm7/,TRUE,TRUE,,matilde,
2025/09/23,TRUE,361,Leo,25,musician,Viana do Castelo,Viana do Castelo,Portugal,direita,ambos,"text, tall legs",2025,https://www.instagram.com/p/DPv0-p_iAwj/,TRUE,TRUE,,matilde,
2025/09/06,TRUE,360,Inês ,30,journalist,Seixal,Setúbal,Portugal,direita,ambos,spots,2025,https://www.instagram.com/p/DPuB3MoCKo2/,TRUE,TRUE,,matilde,
2025/09/06,TRUE,359,Hugo Geada,28,journalist,Estarreja,Aveiro,Portugal,esquerda,ambos,"moving, stick legs, interesting tail",2025,https://www.instagram.com/p/DPtI9OciNvg/,TRUE,TRUE,,matilde,
2025/09/06,TRUE,358,Barbara Nero,9,,Trafaria,Setúbal,Portugal,direita,só crina,"scenery, tack, balding, crazy vibes, other animal vibes",2025,https://www.instagram.com/p/DPquY3yCDb_/,TRUE,TRUE,,matilde,
2025/09/06,TRUE,357,Mara Lourenço,9,,Trafaria,Setúbal,Portugal,esquerda,ambos,"rat vibes, other animal vibes, scenery",2025,https://www.instagram.com/p/DPoHP21CBPd/,TRUE,TRUE,,matilde,
,TRUE,356,Mariana Tânger,12,,Lisboa,Lisboa,Portugal,direita,só orelhas,"other animal vibes, interesting tail, rectangular",2025,https://www.instagram.com/p/DPjvV-HCBcB/,TRUE,TRUE,,matilde,
,TRUE,355,Duarte Tânger,10,,Lisboa,Lisboa,Portugal,esquerda,nenhum,"other animal vibes, rectangular",2025,https://www.instagram.com/p/DPhA5GciMEY/,TRUE,TRUE,,matilde,
,TRUE,354,Madalena Tânger,8,,Lisboa,Lisboa,Portugal,esquerda,só orelhas,"rat vibes, other animal vibes, rectangular, interesting tail",2025,https://www.instagram.com/p/DPeeX-FCBq_/,TRUE,TRUE,,matilde,
,TRUE,353,Domingos,2,,Lisboa,Lisboa,Portugal,,,abstract,2025,https://www.instagram.com/p/DPeF8ZsiNu2/,TRUE,TRUE,,matilde,
,TRUE,352,Vatey Uy,32,Senior Project manager,,,New Zealand / Cambodia,esquerda,nenhum,"person riding, smiley face",2025,https://www.instagram.com/p/DPbfIs-iIe2/,TRUE,TRUE,,matilde,
,TRUE,351,Mafalda Dias,18,student,Forjães,Braga,Portugal,esquerda,ambos,,2025,https://www.instagram.com/p/DPZS-NviHiR/,TRUE,TRUE,,pita,
,TRUE,350,Beatriz Pita,17,student,Ponta do Sol,Madeira,Portugal,esquerda,ambos,,2025,https://www.instagram.com/p/DPY3Zw2CDs8/,TRUE,TRUE,,pita,
,TRUE,349,Sofia Gonçalves,18,student,Espinho,Aveiro,Portugal,direita,só crina,tack,2025,https://www.instagram.com/p/DPTy2EQCJ6S/,TRUE,TRUE,,pita,
,TRUE,348,Larissa,27,psychologist,,,Brasil,direita,ambos,,2025,https://www.instagram.com/p/DPRsEYZCLhl/,TRUE,TRUE,,pita,
,TRUE,347,Cláudio Pinto,30,Informatics engineer,Vale de Cambra,Aveiro,Portugal,direita,só orelhas,"rat vibes, tiny",2025,https://www.instagram.com/p/DPRKED2iPox/,TRUE,TRUE,,pita,
,TRUE,346,Pedro Carvalho,27,Physical therapist,Peso da Régua,Vila Real,Portugal,esquerda,só crina,crazy vibes,2025,https://www.instagram.com/p/DPPD9twCEi8/,TRUE,TRUE,,pita,
,TRUE,345,Duarte Aguiar,19,student,Ponta do Sol,Madeira,Portugal,esquerda,ambos,,2025,https://www.instagram.com/p/DPMvLJpCAoa/,TRUE,TRUE,,pita,
,TRUE,344,Fábio Pereira,19,student,Ponta do Sol,Madeira,Portugal,direita,nenhum,"other animal vibes, no eyes or mouth",2025,https://www.instagram.com/p/DPL0HehiMTY/,TRUE,TRUE,,pita,
,TRUE,343,Dylan Carvalho,30,Locksmith and mechanic,Batalha,Leiria,Portugal,esquerda,ambos,"pooping or farting, scenery",2025,https://www.instagram.com/p/DPKHG0wCOVO/,TRUE,TRUE,,pita,
,TRUE,342,Tiago Bagagem,18,electrician,Batalha,Leiria,Portugal,esquerda,só crina,[censored],2025,https://www.instagram.com/p/DPJ1FT4CNdX/,TRUE,TRUE,,pita,
,TRUE,341,Madalena Bagagem,14,student,Batalha,Leiria,Portugal,esquerda,ambos,interesting tail,2025,https://www.instagram.com/p/DPJJ_XmCJ52/,TRUE,TRUE,,pita,
,TRUE,340,Ana Fonseca,35,Teacher,Lisboa,Lisboa,Portugal,esquerda,ambos,,2025,https://www.instagram.com/p/DPHSVeXCFKA/,TRUE,TRUE,,pita,
,TRUE,339,Telmo Monteiro,31,Distribuitor,Batalha,Leiria,Portugal,direita,só crina,"standing, [censored], teeth, foot line",2025,https://www.instagram.com/p/DPG3NBrCAOt/,TRUE,TRUE,,pita,
,TRUE,338,Sara Calé,36,Administrator,Batalha,Leiria,Portugal,esquerda,ambos,,2025,https://www.instagram.com/p/DPGgtdViBkk/,TRUE,TRUE,,pita,
,TRUE,337,Lara Guimarães,17,student,Ponta do Sol,Madeira,Portugal,direita,só orelhas,tack,2025,https://www.instagram.com/p/DPExu-IiOkQ/,TRUE,TRUE,,pita,
,TRUE,336,Inês Lobo,55,Technical assistant,Ponta do Sol,Madeira,Portugal,direita,só crina,"pooping or farting, scenery",2025,https://www.instagram.com/p/DPEPpAzCGdc/,TRUE,TRUE,,pita,
,TRUE,335,Margarida Couto,18,student,Forjães,Braga,Portugal,esquerda,ambos,,2025,https://www.instagram.com/p/DPCLN3_CExP/,TRUE,TRUE,,pita,
,TRUE,334,Sara Pestana,25,E-commerce manager,Ponta do Sol,Madeira,Portugal,esquerda,ambos,"scenery, mouth line",2025,https://www.instagram.com/p/DPBeSnSCNrf/,TRUE,TRUE,,pita,
,TRUE,333,Francisco Tomé,22,entrepreneur,Ponta do Sol,Madeira,Portugal,direita,só crina,stick legs,2025,https://www.instagram.com/p/DO_yWngiIWM/,TRUE,TRUE,,pita,
,TRUE,332,Isabella Isotta,25,strategy consultant ,London,,UK,esquerda,só orelhas,,2025,https://www.instagram.com/p/DO_bvgBiJHj/,TRUE,TRUE,,matilde,
,TRUE,331,Anil,,,,,Nepal,esquerda,ambos,smiley face,2025,https://www.instagram.com/p/DO_CTmpiJAr/,TRUE,TRUE,,matilde,
2025/08/29 23:23:11,TRUE,330,Gabriela,26,marketeer for cinema,Porto,Porto,Portugal,direita,só crina,"smiley face, other animal vibes",2025,https://www.instagram.com/p/DO8_4K9CIXJ/,TRUE,TRUE,,matilde,
,TRUE,329,Paula Pita,52,data consultant,Castro Valley,California,USA,esquerda,só crina,"teeth, moving",2025,https://www.instagram.com/p/DO8jDbEiMp3/,TRUE,TRUE,,pita,
,TRUE,328,Madalena Pita,15,student,Funchal,Madeira,Portugal,esquerda,ambos,"circles, no eyes or mouth",2025,https://www.instagram.com/p/DO6qw8uCPs6/,TRUE,TRUE,,pita,
2025/08/22 19:51:02,TRUE,327,Rita Mendes,22,student,Lisboa,Lisboa,Portugal,esquerda,ambos,,2025,https://www.instagram.com/p/DO6ZhL-CPEW/,TRUE,TRUE,,matilde,
,TRUE,326,William,26,waiter,Almada,Setúbal,Portugal,esquerda,só orelhas,leg up,2025,https://www.instagram.com/p/DO5yFYgCCVE/,TRUE,TRUE,,matilde,
,TRUE,325,Tiago,35,Illustrator and illustration teacher,Lisboa,Lisboa,Portugal,esquerda,ambos,"cool horse, bojack, just head, famous",2025,https://www.instagram.com/p/DO38wkhCAZ3/,TRUE,TRUE,,matilde,
,TRUE,324,David,27,musician,Albufeira,Faro,Portugal,esquerda,ambos,,2025,https://www.instagram.com/p/DO3UuCbiByA/,TRUE,TRUE,,matilde,
2025/08/22 20:01:13,TRUE,323,Joschka,22,Waiter,,,Austria,esquerda,ambos,"speaking or thinking, cartoonish",2025,https://www.instagram.com/p/DO1KcHXiLEY/,TRUE,TRUE,,matilde,
2025/08/22 19:55:35,TRUE,322,Noah,23,psychology student,Lisboa,Lisboa,Portugal,esquerda,só crina,"standing, speaking or thinking, cartoonish",2025,https://www.instagram.com/p/DO0yBIviPD4/,TRUE,TRUE,,matilde,
2025/08/22 20:05:08,TRUE,321,Ana,23,Crime doer,Lisboa,Lisboa,Portugal,direita,ambos,just head,2025,https://www.instagram.com/p/DO0fq7FCO8n/,TRUE,TRUE,,matilde,
,TRUE,320,José Engata,81,farmer,Ponta do Sol,Madeira,Portugal,esquerda,só crina,"rat vibes, stick legs",2025,https://www.instagram.com/p/DOynliNCO7O/,TRUE,TRUE,,pita,
,TRUE,319,Mécia Câmara,54,teacher,Porto Moniz,Madeira,Portugal,esquerda,só crina,"stick legs, tiny",2025,https://www.instagram.com/p/DOyLEufiHYX/,TRUE,TRUE,,pita,
,TRUE,318,Sérgio Pita,54,busInêssman,Ponta do Sol,Madeira,Portugal,esquerda,ambos,circles,2025,https://www.instagram.com/p/DOx9lTAiKDN/,TRUE,TRUE,,pita,
,TRUE,317,Margarida Pita,15,student,Funchal,Madeira,Portugal,esquerda,ambos,circles,2025,https://www.instagram.com/p/DOwQG_-CIMZ/,TRUE,TRUE,,pita,
,TRUE,316,David Pita,21,student,Castro Valley,California,USA,esquerda,nenhum,"spots, other animal vibes",2025,https://www.instagram.com/p/DOv1vvFCG8k/,TRUE,TRUE,,pita,
,TRUE,315,Alano Gonçalves,24,student,Ponta do Sol,Madeira,Portugal,esquerda,só orelhas,"""unicorn, rainbow & wings""",2025,https://www.instagram.com/p/DOvfLfDiDG3/,TRUE,TRUE,,pita,
,TRUE,314,Ermelinda Aleixo,74,retired woman,Ponta do Sol,Madeira,Portugal,esquerda,só crina,crazy vibes,2025,https://www.instagram.com/p/DOtnqoFCJZf/,TRUE,TRUE,,pita,
,TRUE,313,Estella Pita,18,student,Castro Valley,California,USA,esquerda,só crina,,2025,https://www.instagram.com/p/DOtBWVRiOKR/,TRUE,TRUE,,pita,
,TRUE,312,Mina,58,Administrative assistant,Vila Nova de Gaia,Porto,Portugal,esquerda,só orelhas,other animal vibes,2025,https://www.instagram.com/p/DOrP1XeCD1h/,TRUE,TRUE,,matilde,
,TRUE,311,Nuno,22,software engineer,Vilar do Paraíso,Porto,Portugal,direita,só crina,,2025,https://www.instagram.com/p/DOq1URjCIh_/,TRUE,TRUE,,matilde,
,TRUE,310,João Soares,22,physical therapist,Vila Nova de Gaia,Porto,Portugal,esquerda,ambos,,2025,https://www.instagram.com/p/DOqiveCCLj1/,TRUE,TRUE,,matilde,
,TRUE,309,Fred,22,musician,,,Brasil,direita,só crina,moving,2025,https://www.instagram.com/p/DOob30OiJ_r/,TRUE,TRUE,,matilde,
2025/08/15 11:55:10,TRUE,308,Martinho,28,Salesman,Barcelos,Braga,Portugal,front facing,ambos,"bojack, speaking or thinking",2025,https://www.instagram.com/p/DOoDbvaCCBY/,TRUE,TRUE,,matilde,
2025/08/15 10:56:01,TRUE,307,David,27,HR technitian,Porto,Porto,Portugal,direita,só crina,,2025,https://www.instagram.com/p/DOl7jh6iAv2/,TRUE,TRUE,,matilde,
2025/08/16 03:02:47,TRUE,306,Lia,23,Cultural studies student,Lisboa,Lisboa,Portugal,direita,ambos,speaking or thinking,2025,https://www.instagram.com/p/DOlU_05iJhC/,TRUE,TRUE,,matilde,
2025/08/16 03:03:00,TRUE,305,Rita,23,Migration studies student,Figueiredo,Braga,Portugal,head turning,ambos,cool horse,2025,https://www.instagram.com/p/DOjN_8gCEy2/,TRUE,TRUE,,matilde,
2025/08/15 11:42:28,TRUE,304,Joana,28,E commerce specialist,Ovar,Aveiro,Portugal,esquerda,só orelhas,,2025,https://www.instagram.com/p/DOi_BrHiAEd/,TRUE,TRUE,,matilde,
2025/08/12 11:14:20,TRUE,303,Laui,23,audiovisual Communication for new media master student,Bragança,Bragança,Portugal,esquerda,só crina,,2025,https://www.instagram.com/p/DOgtalUiJkt/,TRUE,TRUE,,matilde,
,TRUE,302,MJ,25,designer,Cacém,Lisboa,Portugal,esquerda,ambos,sillouette,2025,https://www.instagram.com/p/DOgHFI4CNDd/,TRUE,TRUE,,matilde,
2025/08/16 03:09:38,TRUE,301,Nuno Oliveira,22,history and international relations master student,Marco de Canaveses ,Porto,Portugal,direita,só crina,"other animal vibes, smiley face",2025,https://www.instagram.com/p/DOeF1NliAx2/,TRUE,TRUE,,matilde,
2025/08/15 10:53:24,TRUE,300,Joana Vilar,29,psychologist,Seixal,Setúbal,Portugal,esquerda,só crina,depressed vibes,2025,https://www.instagram.com/p/DOdhJLbiHzP/,TRUE,TRUE,,matilde,
2025/08/16 03:03:55,TRUE,299,Lucas,25,Youtuber,Felgueiras,Porto,Portugal,esquerda,só crina,just head,2025,https://www.instagram.com/p/DObitUyCJ0n/,TRUE,TRUE,,matilde,
2025/08/13 02:14:34,TRUE,298,Eduardo Guimarães,25,product designer,Arcos de Valdevez,Viana do Castelo,Portugal,esquerda,ambos,"moving, teeth",2025,https://www.instagram.com/p/DOa8LXgCKnc/,TRUE,TRUE,,matilde,
,TRUE,297,Wandson,12,,,Maranhão,Brasil,esquerda,só orelhas,"scenery, famous",2025,https://www.instagram.com/p/DOa8NPNiMus/,TRUE,TRUE,celebridade,matilde,
2025/08/15 11:50:38,TRUE,296,David,27,software engineer,Barcelos,Braga,Portugal,front facing,só crina,,2025,https://www.instagram.com/p/DOYXaMgiByT/,TRUE,TRUE,,matilde,
2025/08/12 11:15:58,TRUE,295,Monica,29,data engineer,Viana do Castelo,Viana do Castelo,Portugal,esquerda,só crina,abstract,2025,https://www.instagram.com/p/DOWpl8iiBtW/,TRUE,TRUE,,matilde,
2025/08/13 01:27:34,TRUE,294,Carmo,26,architect,Caxias,Lisboa,Portugal,esquerda,só orelhas,person riding,2025,https://www.instagram.com/p/DOWU81ICEDI/,TRUE,TRUE,,matilde,
2025/08/12 18:27:31,TRUE,293,Jacques,25,PR for gentrification but class conscious at heart,Lisboa,Lisboa,Portugal,esquerda,ambos,"""unicorn, rainbow & wings"", scenery",2025,https://www.instagram.com/p/DOVyliqCBFg/,TRUE,TRUE,,matilde,
2025/08/13 02:14:13,TRUE,292,Inês ,24,Designer,Porto,Porto,Portugal,esquerda,ambos,,2025,https://www.instagram.com/p/DOUEzRSiGh9/,TRUE,TRUE,,matilde,
2025/08/13 01:55:14,TRUE,291,Ze,24,engineer,Tondela,Viseu,Portugal,esquerda,só orelhas,"scenery, person riding, other animal vibes",2025,https://www.instagram.com/p/DOTwKjgiALL/,TRUE,TRUE,,matilde,
2025/08/12 11:14:49,TRUE,290,Ana,18,unemployed ,Setúbal,Setúbal,Portugal,esquerda,ambos,,2025,https://www.instagram.com/p/DOTQDGriF8I/,TRUE,TRUE,,matilde,
2025/08/15 12:00:55,TRUE,289,José,33,worker,Ovar,Aveiro,Portugal,esquerda,ambos,,2025,https://www.instagram.com/p/DORf7L6iBxc/,TRUE,TRUE,,matilde,
,TRUE,288,Margarida,26,non profit mediator,Oeiras,Lisboa,Portugal,esquerda,nenhum,"abstract, scenery",2025,https://www.instagram.com/p/DORLWylCKGb/,TRUE,TRUE,,matilde,
2025/08/15 11:49:55,TRUE,287,Tixa,28,marketeer,Barcelos,Braga,Portugal,esquerda,ambos,"other animal vibes, [censored]",2025,https://www.instagram.com/p/DOQo_glCOZI/,TRUE,TRUE,,matilde,
2025/08/13 01:51:33,TRUE,286,Vasco Cortez,24,architect,Lisboa,Lisboa,Portugal,direita,nenhum,,2025,https://www.instagram.com/p/DOO7Gb5iLWf/,TRUE,TRUE,,matilde,
2025/08/12 11:10:31,TRUE,285,Renata,19,scenographer,Porto,Porto,Portugal,esquerda,nenhum,scenery,2025,https://www.instagram.com/p/DOOmkmaCILb/,TRUE,TRUE,,matilde,
2025/08/15 11:58:09,TRUE,284,Cristiana,31,Researcher,Porto,Porto,Portugal,esquerda,ambos,,2025,https://www.instagram.com/p/DOOENQWCLGh/,TRUE,TRUE,,matilde,
2025/08/16 03:02:24,TRUE,283,Guilherme Lirio,32,musician,Rio de Janeiro,Rio de Janeiro,Brasil,esquerda,ambos,"famous, teeth",2025,https://www.instagram.com/p/DOL-UBOCJ1e/,TRUE,TRUE,musico br,matilde,
2025/08/16 03:01:38,TRUE,282,Dora Morelenbaum,29,musician,Rio de Janeiro,Rio de Janeiro,Brasil,direita,ambos,famous,2025,https://www.instagram.com/p/DOLi4_YCOV-/?img_index=1,TRUE,TRUE,musico br,matilde,
2025/08/12 11:11:39,TRUE,281,Alex,25,barista and waiter,Sintra,Lisboa,Portugal,esquerda,só crina,smiley face,2025,https://www.instagram.com/p/DOJxgkciDR-/,TRUE,TRUE,,matilde,
2025/08/12 11:13:15,TRUE,280,Sara,19,psychology student,Paredes de Coura,Viana do Castelo,Portugal,esquerda,só orelhas,crazy vibes,2025,https://www.instagram.com/p/DOJc6WZiAuW/,TRUE,TRUE,,matilde,
2025/08/12 11:09:19,TRUE,279,Rodrigo,21,software engineer,Porto,Porto,Portugal,esquerda,ambos,scenery,2025,https://www.instagram.com/p/DOI6qGBCMiG/,TRUE,TRUE,,matilde,
2025/08/12 11:09:48,TRUE,278,Joana Tato,21,electrotechnical engineering student,Matosinhos,Porto,Portugal,esquerda,só crina,"""""""cavalo"""""", text, scenery",2025,https://www.instagram.com/p/DOG4KOvCEk9/,TRUE,TRUE,,matilde,
2025/08/12 11:11:03,TRUE,277,Kika,21,Actress,Coimbra,Coimbra,Portugal,esquerda,ambos,other animal vibes,2025,https://www.instagram.com/p/DOGV3aWiKsX/,TRUE,TRUE,,matilde,
2025/08/12 11:10:47,TRUE,276,Young ST,19,musician,Porto,Porto,Portugal,direita,ambos,"text, other animal vibes, stick legs",2025,https://www.instagram.com/p/DOEjxyeCLnr/,TRUE,TRUE,,matilde,
2025/08/12 11:10:17,TRUE,275,João Parreira,31,Programmer,Évora,Évora,Portugal,esquerda,ambos,"""unicorn, rainbow & wings"", teeth",2025,https://www.instagram.com/p/DOEPwosCI3J/,TRUE,TRUE,,matilde,
2025/08/12 11:12:49,TRUE,274,Vicente,21,software engineer,Porto,Porto,Portugal,esquerda,ambos,"other animal vibes, text",2025,https://www.instagram.com/p/DODvbEsCC9J/,TRUE,TRUE,,matilde,
,TRUE,273,Leonor Mano,16,student,Espinho,Aveiro,Portugal,esquerda,só crina,balding,2025,https://www.instagram.com/p/DOB4k0piOoM/,TRUE,TRUE,,pita,
2025/08/12 11:12:05,TRUE,272,Pitrez,27,Actress,Porto,Porto,Portugal,front facing,só orelhas,"just head, cool horse",2025,https://www.instagram.com/p/DOBL8S7CFLy/,TRUE,TRUE,,matilde,
,TRUE,271,Duarte Valente,23,sports coordinator ,Calheta,Madeira,Portugal,direita,ambos,,2025,https://www.instagram.com/p/DN_SPjuCM0b/,TRUE,TRUE,,pita,
,TRUE,270,João Abreu,24,Urbanism master student,Ponta do Sol,Madeira,Portugal,esquerda,só crina,"crazy vibes, teeth",2025,https://www.instagram.com/p/DN-toPkiNRU/,TRUE,TRUE,,pita,
,TRUE,269,Jorge Mano,62,Quality control worker,Aguda,Leiria,Portugal,esquerda,ambos,,2025,https://www.instagram.com/p/DN8fpAECPyx/,TRUE,TRUE,,pita,
,TRUE,268,Mafalda Câmara,24,directing assistant,Ponta do Sol,Madeira,Portugal,esquerda,ambos,tattoo,2025,https://www.instagram.com/p/DN79IF9CCW_/,TRUE,TRUE,,pita,
,TRUE,267,Ana Cardoso,59,teacher,Vila Nova de Gaia,Porto,Portugal,direita,ambos,tack,2025,https://www.instagram.com/p/DN6WlneCJZ6/,TRUE,TRUE,,pita,
,TRUE,266,João Nuno Gonçalves,24,marketeer,Ribeira Brava,Madeira,Portugal,direita,só crina,"bojack, scenery",2025,https://www.instagram.com/p/DN5mrxZiNtG/,TRUE,TRUE,,pita,
,TRUE,265,Isabel Serrado,82,bakery owner,Ribeira Brava,Madeira,Portugal,esquerda,nenhum,crazy vibes,2025,https://www.instagram.com/p/DN3UmGp0B_D/,TRUE,TRUE,,pita,
,TRUE,264,Sara Borges,23,Intern lawyer,Machico,Madeira,Portugal,esquerda,ambos,tattoo,2025,https://www.instagram.com/p/DN29rMqUDFz/,TRUE,TRUE,,pita,
,TRUE,263,Sofia Mano,26,manager,Espinho,Aveiro,Portugal,esquerda,ambos,pooping or farting,2025,https://www.instagram.com/p/DN1D_720Kg8/,TRUE,TRUE,,pita,
,TRUE,262,Ana Nicotti,28,operations freelancer,Porto Alegre,Rio Grande do Sul,Brasil,direita,só crina,speaking or thinking,2025,https://www.instagram.com/p/DNyqFn-0Kv8/,TRUE,TRUE,,matilde,
,TRUE,261,Maria Gonçalves,16,student,Ribeira Brava,Madeira,Portugal,front facing,ambos,"speaking or thinking, just head",2025,https://www.instagram.com/p/DNySKni0IRo/,TRUE,TRUE,,pita,
2025/08/06 01:42:37,TRUE,260,Carlos Filipe,31,unemployed,Algés,Lisboa,Portugal,esquerda,ambos,crazy vibes,2025,https://www.instagram.com/p/DNvz9LTUHs8/,TRUE,TRUE,,matilde,
2025/08/06 01:39:09,TRUE,259,Joana,24,singer,Lisboa,Lisboa,Portugal,front facing,ambos,"bojack, famous",2025,https://www.instagram.com/p/DNvWOfhUEtv/,TRUE,TRUE,,matilde,
2025/08/06 01:40:34,TRUE,258,Simao Barcia,27,musician,Lisboa,Lisboa,Portugal,esquerda,só orelhas,"famous, tongue out",2025,https://www.instagram.com/p/DNtNjye0GHq/,TRUE,TRUE,tie mordo mia,matilde,
2025/08/05 21:55:06,TRUE,257,Diana Matias,27,"photographer, videographer and dancer",Massamá,Lisboa,Portugal,esquerda,ambos,"scenery, tack",2025,https://www.instagram.com/p/DNsnPGlUBi3/,TRUE,TRUE,,matilde,
2025/08/05 21:53:02,TRUE,256,Bernardo,27,musician and sound engineer,Belas,Lisboa,Portugal,esquerda,só crina,"""""""cavalo"""""", famous",2025,https://www.instagram.com/p/DNqB-KCI_0w/,TRUE,TRUE,musico pt,matilde,
2025/08/05 21:54:17,TRUE,255,Pedro Antunes,27,musician,Sintra,Lisboa,Portugal,esquerda,ambos,"just head, tongue out",2025,https://www.instagram.com/p/DNoNkUGosd8/,TRUE,TRUE,tie musico pt,matilde,
2025/08/05 22:14:28,TRUE,254,Luis Afonso,25,mechanic and delivery driver,Carnaxide,Lisboa,Portugal,esquerda,ambos,rat vibes,2025,https://www.instagram.com/p/DNne0y1I82e/,TRUE,TRUE,,matilde,
2025/08/05 20:47:50,TRUE,253,Denny,35,IT,Cork,,Ireland,esquerda,nenhum,rat vibes,2025,https://www.instagram.com/p/DNlljGUovhz/,TRUE,TRUE,,matilde,
2025/08/05 19:39:55,TRUE,252,Rita,27,doctor,Restelo,Lisboa,Portugal,esquerda,ambos,,2025,https://www.instagram.com/p/DNk8t10IfGz/,TRUE,TRUE,,matilde,
2025/08/05 19:36:47,TRUE,251,Francisco,29,University professor,Estoril,Lisboa,Portugal,direita,só crina,,2025,https://www.instagram.com/p/DNjJ5mKoP8l/,TRUE,TRUE,,matilde,
2025/08/05 19:36:00,TRUE,250,Meg,27,copywriter,Texas,,USA,esquerda,ambos,just head,2025,https://www.instagram.com/p/DNiYesJIAG2/,TRUE,TRUE,,matilde,
2025/08/05 20:41:51,TRUE,249,Inês Matos,27,musician,Algés,Lisboa,Portugal,direita,ambos,"scenery, speaking or thinking, famous",2025,https://www.instagram.com/p/DNgalAQI1ih/,TRUE,TRUE,,matilde,
,TRUE,248,João Gonçalves,26,digital marketeer,Camacha,Madeira,Portugal,direita,só crina,"balding, depressed vibes, spots",2025,https://www.instagram.com/p/DNf_6m8o2J0/,TRUE,TRUE,,pita,
,TRUE,247,Jaime Gonçalves,50,locksmith,Ponta do Sol,Madeira,Portugal,direita,só orelhas,,2025,https://www.instagram.com/p/DNdwOWrokcc/,TRUE,TRUE,,pita,
,TRUE,246,Paulo Aleixo,57,civil construction painter,Ponta do Sol,Madeira,Portugal,,,abstract,2025,https://www.instagram.com/p/DNdcZdrIJ_x/,TRUE,TRUE,,pita,
,TRUE,245,Irene Inácio,56,human resources worker,Ponta do Sol,Madeira,Portugal,direita,só crina,"crazy vibes, other animal vibes",2025,https://www.instagram.com/p/DNamicIIHn5/,TRUE,TRUE,,pita,
,TRUE,244,Filipe Santos,52,salesman,Vila Nova de Gaia,Porto,Portugal,direita,só orelhas,"rat vibes, tack",2025,https://www.instagram.com/p/DNYAM9VoH_H/,TRUE,TRUE,,matilde,
,TRUE,243,Ana Lua Caiano,26,singer,Lisboa,Lisboa,Portugal,esquerda,só orelhas,"sillouette, famous",2025,https://www.instagram.com/p/DNWKjggIDJ2/,TRUE,TRUE,,matilde,
,TRUE,242,Claudia ,39,merchant,Funchal,Madeira,Portugal,esquerda,ambos,teeth,2025,https://www.instagram.com/p/DNViOvqIa6C/,TRUE,TRUE,,pita,
,TRUE,241,Fábio Remesso,41,merchant,Madeira,Madeira,Portugal,esquerda,ambos,,2025,https://www.instagram.com/p/DNSva56IkBm/,TRUE,TRUE,,pita,
,TRUE,240,Ana,44,DJ,Funchal,Madeira,Portugal,esquerda,ambos,teeth,2025,https://www.instagram.com/p/DNOjMPUoTWq/,TRUE,TRUE,,pita,
,TRUE,239,Joaquim Inácio,26,military,Ponta do Sol,Madeira,Portugal,esquerda,só orelhas,teeth,2025,https://www.instagram.com/p/DNNs3vdIhfB/,TRUE,TRUE,,pita,
,TRUE,238,Renato Relvas,24,musicology master student,Ponta do Sol,Madeira,Portugal,direita,só orelhas,"tack, ""unicorn, rainbow & wings""",2025,https://www.instagram.com/p/DNLy4aNIlv4/,TRUE,TRUE,,pita,
,TRUE,237,Alexandra Azevedo,25,children's studies master student,Ponta do Sol,Madeira,Portugal,esquerda,só orelhas,"tongue out, spots",2025,https://www.instagram.com/p/DNJbWSdo2uU/,TRUE,TRUE,,pita,
,TRUE,236,Manuel Gonçalves,25,lawyer,Ponta do Sol,Madeira,Portugal,esquerda,ambos,,2025,https://www.instagram.com/p/DNIZXwkIRYs/,TRUE,TRUE,,pita,
2025/07/20 15:18:38,TRUE,235,João Pita,24,student,Ponta do Sol,Madeira,Portugal,direita,só crina,"spots, speaking or thinking",2025,https://www.instagram.com/p/DNGUQfvIWb9/,TRUE,TRUE,,matilde,
2025/05/25 16:00:36,TRUE,234,Jessica,39,Marketing director,Lisboa,Lisboa,Portugal,direita,ambos,,2025,https://www.instagram.com/p/DND7pqMovgx/,TRUE,TRUE,,matilde,
2025/07/01 11:32:50,TRUE,233,Mafalda,21,Art student,Algés,Lisboa,Portugal,esquerda,só orelhas,"scenery, tongue out",2025,https://www.instagram.com/p/DNDZ25OIp-x/,TRUE,TRUE,,matilde,
2025/07/01 11:32:20,TRUE,232,Tomás Pereira,21,Cook,Miraflores,Lisboa,Portugal,direita,nenhum,"abstract, person riding",2025,https://www.instagram.com/p/DNA0cfZI4RQ/,TRUE,TRUE,,matilde,
2025/07/01 11:32:35,TRUE,231,Leo,22,museum worker,Queijas,Lisboa,Portugal,esquerda,só orelhas,other animal vibes,2025,https://www.instagram.com/p/DM-QlhFIrYk/,TRUE,TRUE,,matilde,
2025/07/11 22:51:27,TRUE,230,Luis Severo,33,musician,Olivais,Lisboa,Portugal,direita,só orelhas,"other animal vibes, famous",2025,https://www.instagram.com/p/DM7t089IQlP/,TRUE,TRUE,musico pt,certã,
2025/07/11 22:53:02,TRUE,229,Catarina Branco,29,musician,Olivais,Lisboa,Portugal,front facing,ambos,"famous, just head",2025,https://www.instagram.com/p/DM5CX3KoX1y/,TRUE,TRUE,musico pt,certã,
2025/07/11 22:41:30,TRUE,228,Marta,32,Investigator,Vila Real,Vila Real,Portugal,esquerda,ambos,,2025,https://www.instagram.com/p/DM3FO_4o102/,TRUE,TRUE,,certã,
2025/07/11 21:18:59,TRUE,227,Alex,25,Economist,Alcobaça,Leiria,Portugal,esquerda,só orelhas,,2025,https://www.instagram.com/p/DM2mvNzoZZz/,TRUE,TRUE,,certã,
2025/07/11 21:18:15,TRUE,226,Matilde Marques,25,lawyer,Alcobaça,Leiria,Portugal,esquerda,ambos,other animal vibes,2025,https://www.instagram.com/p/DM0cEL-osD-/,TRUE,TRUE,,certã,
2025/07/11 21:10:50,TRUE,225,Maria,23,student,Castelo Branco,Castelo Branco,Portugal,esquerda,ambos,,2025,https://www.instagram.com/p/DMx9tYBokVI/,TRUE,TRUE,,certã,
2025/07/11 21:35:56,TRUE,224,Ze Horta,24,copywriter,Portimão,Faro,Portugal,direita,só orelhas,moving,2025,https://www.instagram.com/p/DMxV1MXIXYD/,TRUE,TRUE,,certã,
2025/07/11 22:16:45,TRUE,223,Joana,26,psychologist,Sintra,Lisboa,Portugal,direita,ambos,"spots, depressed vibes",2025,https://www.instagram.com/p/DMvnxscoE2e/,TRUE,TRUE,,certã,
2025/07/11 22:42:26,TRUE,222,Rafa,33,Journalist,Lisboa,Lisboa,Portugal,direita,ambos,just head,2025,https://www.instagram.com/p/DMuwKl7oSiy/,TRUE,TRUE,,certã,
2025/07/11 22:03:57,TRUE,221,Miguel Chinaskee,28,musician and sound technitian,Lisboa,Lisboa,Portugal,direita,só crina,"scenery, famous",2025,https://www.instagram.com/p/DMsv5dNID9q/,TRUE,TRUE,musico pt,certã,
2025/07/11 21:29:11,TRUE,220,Diogo Jorge,23,student masters history,Palmela,Setúbal,Portugal,esquerda,só orelhas,other animal vibes,2025,https://www.instagram.com/p/DMsRmcHI-ff/,TRUE,TRUE,papa formigas,certã,
2025/07/11 21:34:43,TRUE,219,Tomás Burns,25,Intern lawyer,Lisboa,Lisboa,Portugal,front facing,só crina,"depressed vibes, just head",2025,https://www.instagram.com/p/DMqKudDI1K3/,TRUE,TRUE,,certã,
2025/07/11 21:25:14,TRUE,218,Ana,23,Master student ,Palmela,Setúbal,Portugal,esquerda,só orelhas,"other animal vibes, rat vibes",2025,https://www.instagram.com/p/DMprWy-oPoZ/,TRUE,TRUE,,certã,
2025/07/11 22:41:13,TRUE,217,Rita,35,Illustrator,Lisboa,Lisboa,Portugal,head turning,ambos,,2025,https://www.instagram.com/p/DMn6PBMI_Rm/,TRUE,TRUE,,certã,
2025/07/11 21:31:44,TRUE,216,Miguel Rocha,27,Music critic,Cucujaes,Aveiro,Portugal,esquerda,só crina,depressed vibes,2025,https://www.instagram.com/p/DMnkLhhoDg-/,TRUE,TRUE,,certã,
2025/07/11 22:21:17,TRUE,215,Rodrigo,22,Screenwriter,Arouca,Aveiro,Portugal,esquerda,ambos,just head,2025,https://www.instagram.com/p/DMm_GQ6okny/,TRUE,TRUE,,certã,
2025/07/11 22:20:22,TRUE,214,Maria Inês,25,Screenwriter,Fundão,Castelo Branco,Portugal,direita,ambos,other animal vibes,2025,https://www.instagram.com/p/DMlAG6HoD2O/,TRUE,TRUE,,certã,
2025/07/11 22:13:16,TRUE,213,Inês,24,doctor,Faro,Faro,Portugal,direita,só crina,balding,2025,https://www.instagram.com/p/DMkjaheIjCA/,TRUE,TRUE,,certã,
2025/07/11 21:06:36,TRUE,212,Mariana,23,Law student,Loulé,Faro,Portugal,esquerda,ambos,"spots, teeth",2025,https://www.instagram.com/p/DMisLRVoH_q/,TRUE,TRUE,,certã,
2025/07/11 20:57:29,TRUE,211,Francisco,24,Researcher,Amora,Setúbal,Portugal,direita,só crina,depressed vibes,2025,https://www.instagram.com/p/DMh9thxIWek/,TRUE,TRUE,,certã,
2025/07/11 20:54:01,TRUE,210,Pipo,23,works in tv industry,Odivelas,Lisboa,Portugal,esquerda,só orelhas,,2025,https://www.instagram.com/p/DMf2dRFo6Dg/,TRUE,TRUE,,certã,
,TRUE,209,Bruno Sá,26,doctor,Viana do Castelo,Viana do Castelo,Portugal,esquerda,só crina,,2025,https://www.instagram.com/p/DMfPEwQIjam/,TRUE,TRUE,,matilde,
,TRUE,208,Eduardo Almeida,25,Digital marketeer,Viana do Castelo,Viana do Castelo,Portugal,esquerda,só crina,tack,2025,https://www.instagram.com/p/DMc4dmgIAHy/,TRUE,TRUE,,matilde,
,TRUE,207,Cátia,25,Journalist,Viana do Castelo,Viana do Castelo,Portugal,esquerda,só crina,other animal vibes,2025,https://www.instagram.com/p/DMce1lFofWJ/,TRUE,TRUE,,matilde,
,TRUE,206,Beatriz,21,Social education student,Sintra,Lisboa,Portugal,direita,só crina,"balding, depressed vibes",2025,https://www.instagram.com/p/DMaoYSLooyu/,TRUE,TRUE,,teresa,
,TRUE,205,Margarida,25,social assistant,Sintra,Lisboa,Portugal,esquerda,ambos,,2025,https://www.instagram.com/p/DMaX4j1oS0s/,TRUE,TRUE,,teresa,
2025/06/28,TRUE,204,Francisco Ribeiro (Xico),32,Freelancer,Braga ,Braga,Portugal,direita,nenhum,"""unicorn, rainbow & wings"", other animal vibes",2025,https://www.instagram.com/p/DMYXeJvIYbU/,TRUE,TRUE,,matilde,
2025/06/28,TRUE,203,Amanda,28,IT consultant,Barrosas,Porto,Portugal,esquerda,ambos,,2025,https://www.instagram.com/p/DMXo1e9IPDz/,TRUE,TRUE,,matilde,
2025/06/28,TRUE,202,Francisco Fernandes,24,Product designer,Leiria,Leiria,Portugal,esquerda,ambos,"just head, """"""cavalo"""""", teeth",2025,https://www.instagram.com/p/DMVtx9ho3H6/,TRUE,TRUE,,matilde,
,TRUE,201,Manuel Tânger ,49,Chief innovation Officer,Lisboa,Lisboa,Portugal,direita,ambos,,2025,https://www.instagram.com/p/DMVR6jLoMag/,TRUE,TRUE,,matilde,
,TRUE,200,Rita Dinis,35,innovation consultant,Lisboa,Lisboa,Portugal,front facing,só crina,just head,2025,https://www.instagram.com/p/DMUzwr7oqHl/,TRUE,TRUE,,matilde,
2025/06/28,TRUE,199,Francisco Nunes,22,screenwriter,Carcavelos 2775-698,Lisboa,Portugal,esquerda,ambos,"crazy vibes, pooping or farting, tongue out",2025,https://www.instagram.com/p/DMTW8jcozhi/,TRUE,TRUE,,matilde,
2025/06/28,TRUE,198,João Milho,22,sound technitian for cinema,Almada,Setúbal,Portugal,esquerda,só orelhas,"spots, mouth line",2025,https://www.instagram.com/p/DMSJphvI1Kj/,TRUE,TRUE,,matilde,
,TRUE,197,Margarida Matias,25,designer,Paúla,Lisboa,Portugal,esquerda,ambos,tack,2025,https://www.instagram.com/p/DMQaLPhImFh/,TRUE,TRUE,,matilde,
,TRUE,196,Laura Alves,25,designer,Viseu,Viseu,Portugal,front facing,ambos,just head,2025,https://www.instagram.com/p/DMP2sLpIIc9/,TRUE,TRUE,,matilde,
,TRUE,195,Ricardo Marvão,47,Co-founder,Lisboa,Lisboa,Portugal,esquerda,nenhum,"abstract, tongue out",2025,https://www.instagram.com/p/DMOJXQnoZVd/,TRUE,TRUE,,matilde,
,TRUE,194,Rita Martins,29,unicorn,Space,,,esquerda,ambos,,2025,https://www.instagram.com/p/DMNnnlcID76/,TRUE,TRUE,,matilde,
,TRUE,193,Tomás Bento,35,Head of people and transformation,Lisboa,Lisboa,Portugal,esquerda,só orelhas,,2025,https://www.instagram.com/p/DMNKK6roLeX/,TRUE,TRUE,,matilde,
,TRUE,192,Sofia Ribeiro,25,Web designer,Aveiro,Aveiro,Portugal,front facing,ambos,,2025,https://www.instagram.com/p/DMLUc9zo6rk/,TRUE,TRUE,,matilde,
2025/05/25 13:08:21,TRUE,191,Fernando,38,publicist,Caldas da Rainha,Leiria,Portugal,esquerda,só crina,just head,2025,https://www.instagram.com/p/DMK_Zo9IkrI/,TRUE,TRUE,,gulbenkian,
2025/05/25 15:39:40,TRUE,190,Ana,28,lawyer,,,Brasil,front facing,só orelhas,,2025,https://www.instagram.com/p/DMKjqPRI1UK/,TRUE,TRUE,,gulbenkian,
2025/05/25 15:09:40,TRUE,189,Joana,25,student,Lisboa,Lisboa,Portugal,direita,só crina,,2025,https://www.instagram.com/p/DMIm5HmIY1z/,TRUE,TRUE,,gulbenkian,
2025/05/25 18:07:11,TRUE,188,Emilia,18,student,,,Russia,esquerda,ambos,,2025,https://www.instagram.com/p/DMIIohCoumN/,TRUE,TRUE,,gulbenkian,
2025/05/25 15:01:58,TRUE,187,Francisco,9,,Lagos,Faro,Portugal,direita,só crina,just head,2025,https://www.instagram.com/p/DMGOdWMoyh-/,TRUE,TRUE,,gulbenkian,
2025/05/25 16:02:25,TRUE,186,Simone,2,,Lisboa,Lisboa,Portugal,,,abstract,2025,https://www.instagram.com/p/DMFehHSorHX/,TRUE,TRUE,,gulbenkian,
2025/05/25 15:32:02,TRUE,185,Eduardo,28,Digital consultant,Azeitão,Setúbal,Portugal,esquerda,ambos,,2025,https://www.instagram.com/p/DMD5Y8XoJDl/,TRUE,TRUE,,gulbenkian,
2025/05/25 16:52:20,TRUE,184,João,25,Waiter,Lisboa,Lisboa,Portugal,esquerda,só crina,other animal vibes,2025,https://www.instagram.com/p/DMDB0QwIRd3/,TRUE,TRUE,,gulbenkian,
2025/05/25 16:53:49,TRUE,183,Joana Silva,26,works at a call center,Madeira,Madeira,Portugal,direita,só crina,depressed vibes,2025,https://www.instagram.com/p/DMAYOoQoN2A/,TRUE,TRUE,,gulbenkian,
2025/05/25 17:00:16,TRUE,182,Ricardo Oliveira,26,Drummer,Cascais,Lisboa,Portugal,esquerda,só crina,standing,2025,https://www.instagram.com/p/DL9w_HSoxLn/,TRUE,TRUE,musico pt,gulbenkian,
2025/05/25 17:42:24,TRUE,181,Bruno,24,Journalist,Porto,Porto,Portugal,esquerda,ambos,"scenery, speaking or thinking, just head",2025,https://www.instagram.com/p/DL7dUKiIGhw/,TRUE,TRUE,,gulbenkian,
2025/05/25 13:07:45,TRUE,180,Andre Araujo,14,student,Caldas da Rainha,Leiria,Portugal,direita,só crina,,2025,https://www.instagram.com/p/DL4pvyCIbMT/,TRUE,TRUE,,gulbenkian,
2025/05/25 18:06:52,TRUE,179,Mariia,15,student,,,Russia,esquerda,só crina,just head,2025,https://www.instagram.com/p/DL2UcRWIXmR/,TRUE,TRUE,,gulbenkian,
2025/05/25 16:01:57,TRUE,178,Ricardo,55,manager,Lisboa,Lisboa,Portugal,direita,ambos,"moving, circles",2025,https://www.instagram.com/p/DL2AJxGowff/,TRUE,TRUE,,gulbenkian,
2025/05/25 13:08:03,TRUE,177,Benjamim,9,,Caldas da Rainha,Leiria,Portugal,esquerda,só crina,,2025,https://www.instagram.com/p/DLzW5rrICWp/,TRUE,TRUE,,gulbenkian,
2025/05/25 14:11:06,TRUE,176,Nina,10,,Sesimbra,Setúbal,Portugal,esquerda,ambos,just head,2025,https://www.instagram.com/p/DLw2Yf_oWiz/,TRUE,TRUE,,gulbenkian,
2025/05/25 15:17:06,TRUE,175,Rita Barrios Ferreira,22,Painting student,Lisboa,Lisboa,Portugal,esquerda,ambos,,2025,https://www.instagram.com/p/DLuWxryI2pF/,TRUE,TRUE,,gulbenkian,
2025/05/25 12:19:15,TRUE,174,Carmen,30,social worker,Montijo,Setúbal,Portugal,direita,só orelhas,"spots, mouth line",2025,https://www.instagram.com/p/DLruuIvImus/,TRUE,TRUE,,gulbenkian,
2025/05/25 12:22:55,TRUE,173,Fábio,35,electrician,Seixal,Setúbal,Portugal,esquerda,só crina,sillouette,2025,https://www.instagram.com/p/DLpetDTIIOl/,TRUE,TRUE,,gulbenkian,
2025/05/25 16:23:22,TRUE,172,Saki,28,Chef ,,,Japan,esquerda,ambos,,2025,https://www.instagram.com/p/DLnp4cEIapE/,TRUE,TRUE,,gulbenkian,
2025/05/25 17:03:31,TRUE,171,Elis,27,Designer,,,Lithuania,esquerda,ambos,,2025,https://www.instagram.com/p/DLm5fKLCkwx/,TRUE,TRUE,,gulbenkian,
2025/05/25 13:40:59,TRUE,170,Dts,46,manager,Lisboa,Lisboa,Portugal,direita,só crina,,2025,https://www.instagram.com/p/DLks2e7Iv4I/,TRUE,TRUE,,gulbenkian,
2025/05/25 13:56:04,TRUE,169,João,34,pharmaceutical,Benfica,Lisboa,Portugal,esquerda,só crina,other animal vibes,2025,https://www.instagram.com/p/DLkK7FRIydO/,TRUE,TRUE,,gulbenkian,
2025/05/25 12:21:15,TRUE,168,Samuel,4,,Lisboa,Lisboa,Portugal,front facing,só crina,abstract,2025,https://www.instagram.com/p/DLhyVMroGOg/,TRUE,TRUE,,gulbenkian,
2025/05/25 13:42:56,TRUE,167,Elena garcia,43,pharmaceutical,,,Spain,esquerda,só crina,balding,2025,https://www.instagram.com/p/DLhQ3fgIzsk/,TRUE,TRUE,,gulbenkian,
,TRUE,166,Emmy Curl,35,artist,Vila Real,Vila Real,Portugal,esquerda,só orelhas,"leg up, cartoonish, wavy, other animal vibes",2025,https://www.instagram.com/p/DLfYDg6I5Bo/,TRUE,TRUE,musico pt,matilde,
2025/05/25 13:26:29,TRUE,165,Laura,38,psychologist,,,Italy,direita,só orelhas,,2025,https://www.instagram.com/p/DLcZiB4oWhC/,TRUE,TRUE,,gulbenkian,
2025/05/25 13:11:47,TRUE,164,Christina,29,marketeer,,,Ukraine,esquerda,só orelhas,other animal vibes,2025,https://www.instagram.com/p/DLZmLoWoLcg/,TRUE,TRUE,,gulbenkian,
2025/05/25 12:22:07,TRUE,163,Nicole,2,,Montijo,Setúbal,Portugal,,,abstract,2025,https://www.instagram.com/p/DLXF7XOo2IJ/,TRUE,TRUE,,gulbenkian,
2025/05/25 13:45:34,TRUE,162,Miriam,6,,Lisboa,Lisboa,Portugal,head turning,nenhum,"food or eating, other animal vibes",2025,https://www.instagram.com/p/DLUTogJInJa/,TRUE,TRUE,,gulbenkian,
2025/05/25 13:52:43,TRUE,161,Rita,28,busInêss coach and consultant,,,Russia,esquerda,ambos,other animal vibes,2025,https://www.instagram.com/p/DLSBbkEoICY/,TRUE,TRUE,,gulbenkian,
2025/05/25 13:44:11,TRUE,160,Tomas,10,,Lisboa,Lisboa,Portugal,direita,nenhum,other animal vibes,2025,https://www.instagram.com/p/DLP2AEDIbm2/,TRUE,TRUE,,gulbenkian,
2025/05/25 13:13:18,TRUE,159,Masuma,33,works at a production house,,,Bangladesh,esquerda,só orelhas,other animal vibes,2025,https://www.instagram.com/p/DLKKPIhoaQP/,TRUE,TRUE,,gulbenkian,
2025/05/25 12:48:02,TRUE,158,Antera,29,tattoo artist and musician,Lagos,Faro,Portugal,esquerda,ambos,sillouette,2025,https://www.instagram.com/p/DLILAhvIUaw/,TRUE,TRUE,,gulbenkian,
2025/05/25 13:27:21,TRUE,157,Edoardo,35,graphic designer,,,Italy,esquerda,ambos,moving,2025,https://www.instagram.com/p/DLFG6GLormt/,TRUE,TRUE,,gulbenkian,
2025/05/25 12:45:07,TRUE,156,Carolina,34,visual artist,Sintra,Lisboa,Portugal,head turning,ambos,sillouette,2025,https://www.instagram.com/p/DLCbhrYIVlj/,TRUE,TRUE,,gulbenkian,
2025/05/25 12:11:28,TRUE,155,Miguel,35,product manager,Lisboa,Lisboa,Portugal,esquerda,ambos,,2025,https://www.instagram.com/p/DK9keUAoY_b/,TRUE,TRUE,,gulbenkian,
2025/05/25 12:09:25,TRUE,154,Inês,35,event manager,Lisboa,Lisboa,Portugal,esquerda,só crina,smiley face,2025,https://www.instagram.com/p/DK7r2vRI62x/,TRUE,TRUE,,gulbenkian,
2025/05/25 12:07:37,TRUE,153,Xavier,1,,Lisboa,Lisboa,Portugal,,,abstract,2025,https://www.instagram.com/p/DK1mvOII6rg/,TRUE,TRUE,,gulbenkian,
2025/05/25 12:06:47,TRUE,152,Matilde,4,,Lisboa,Lisboa,Portugal,esquerda,só crina,abstract,2025,https://www.instagram.com/p/DKwz4yBoTCF/,TRUE,TRUE,,gulbenkian,
2025/05/25 12:03:00,TRUE,151,Janero,20,philosophy student,,,China,direita,só orelhas,"other animal vibes, rat vibes",2025,https://www.instagram.com/p/DKuEtZwI2jk/,TRUE,TRUE,,gulbenkian,
2025/05/25 11:34:08,TRUE,150,Cristina,38,assistant manager,Alicante,,Spain,esquerda,ambos,crazy vibes,2025,https://www.instagram.com/p/DKruBMaI74I/,TRUE,TRUE,,gulbenkian,
,TRUE,149,Ana Costa,45,purpose driven entrepreneur serving others,Sintra,Lisboa,Portugal,esquerda,só crina,,2025,https://www.instagram.com/p/DKpN-zoIm8t/,TRUE,TRUE,,matilde,
,TRUE,148,Alessandro Pansini,25,innovation consultant,Pula,,Italy,esquerda,ambos,,2025,https://www.instagram.com/p/DKmpjfCIEcy/,TRUE,TRUE,,matilde,
,TRUE,147,Inês Jorge,26,startup co-founder and head of data,Sagres,Faro,Portugal,esquerda,ambos,balding,2025,https://www.instagram.com/p/DKjfJl3oj02/,TRUE,TRUE,,matilde,
,TRUE,146,Nuno Mendonça,32,finance specialist,Oeiras,Lisboa,Portugal,esquerda,só crina,other animal vibes,2025,https://www.instagram.com/p/DKeughmoCe3/,TRUE,TRUE,,matilde,
2024/12/31,TRUE,145,Breno,34,architecture student,Pernambuco,Pernambuco,Brasil,esquerda,ambos,[censored],2024,https://www.instagram.com/p/DKbypi4I9Vv/,TRUE,TRUE,,matilde,
2025/05/24,TRUE,144,Eric,30,vegetable seller,Brussels,,Belgium,direita,ambos,"tack, standing",2025,https://www.instagram.com/p/DKZdevuo_LN/,TRUE,TRUE,,matilde,
2025/05/24,TRUE,143,Margarida Matos,26,BD artist,Almada,Setúbal,Portugal,esquerda,ambos,,2025,https://www.instagram.com/p/DKW_GRko4fY/?img_index=1,TRUE,TRUE,,matilde,
2025/05/24,TRUE,142,Rodolfo Sobral,34,musician,Almada ,Setúbal,Portugal,front facing,ambos,standing,2025,https://www.instagram.com/p/DKUPbjnoQvb/,TRUE,TRUE,,matilde,
2025/05/24,TRUE,141,Flynn Kinney,50,doctor,Lisboa,Lisboa,Portugal,direita,ambos,standing,2025,https://www.instagram.com/p/DKRr5ZwoRGY/,TRUE,TRUE,,matilde,
2025/05/24,TRUE,140,Zé Burnay,33,Illustrator,Sintra,Lisboa,Portugal,esquerda,ambos,"food or eating, cartoonish, spots",2025,https://www.instagram.com/p/DKPFb0KIzvw/,TRUE,TRUE,,matilde,
2025/05/24,TRUE,139,Biakosta,28,Illustrator and animator,Coimbra,Coimbra,Portugal,esquerda,ambos,"moving, rectangular",2025,https://www.instagram.com/p/DKMs4QUoyUz/,TRUE,TRUE,,matilde,
2025/05/24,TRUE,138,Patricia Almeida,34,innovation Delivery Coordinator,Maputo,,Moçambique,esquerda,ambos,,2025,https://www.instagram.com/p/DKJ1mg8Ik_B/,TRUE,TRUE,,matilde,
,TRUE,137,Inês Tenente,38,innovation consultant,Mafra,Lisboa,Portugal,esquerda,só crina,abstract,2025,https://www.instagram.com/p/DKH6g_pIpBF/,TRUE,TRUE,,matilde,
2025/05/16,TRUE,136,Carolina Isabete,26,architect,Chaves,Vila Real,Portugal,esquerda,ambos,,2025,https://www.instagram.com/p/DKFCJgJITKo/,TRUE,TRUE,,matilde,
2025/05/16,TRUE,135,Soraia Torres,24,geography teacher,Vila Nova de Gaia,Porto,Portugal,direita,ambos,,2025,https://www.instagram.com/p/DKCYk_aoxiG/,TRUE,TRUE,,matilde,
2025/05/15,TRUE,134,Versos,22,artist,Bragança,Bragança,Portugal,direita,ambos,"""""""cavalo"""""", teeth",2025,https://www.instagram.com/p/DJ_p6c8INSM/,TRUE,TRUE,,matilde,
,TRUE,133,Sofia Teixeira,27,quality analyst,Vila Nova de Gaia,Porto,Portugal,esquerda,só crina,,2025,https://www.instagram.com/p/DJ9cQVnIE8h/,TRUE,TRUE,,matilde,
,TRUE,132,Mariana,11,,Viana do Castelo,Viana do Castelo,Portugal,esquerda,só orelhas,mouth line,2025,https://www.instagram.com/p/DJ6Y-UxouQy/,TRUE,TRUE,,matilde,
,TRUE,131,Diego San Pedro,43,Designer,,,Brasil,direita,ambos,,2025,https://www.instagram.com/p/DJrViX_IzaR/,TRUE,TRUE,,matilde,
,TRUE,130,Filipe Vieira,33,salesman,Viana do Castelo,Viana do Castelo,Portugal,esquerda,só orelhas,,2025,https://www.instagram.com/p/DJmHUCWIfwC/,TRUE,TRUE,,matilde,
,TRUE,129,Nathan,18,economics student,Paris,,France,esquerda,ambos,mouth line,2025,https://www.instagram.com/p/DJgfKR0I5dP/,TRUE,TRUE,,matilde,
,TRUE,128,Clara,17,high school student,Paris,,France,esquerda,ambos,,2025,https://www.instagram.com/p/DJePAeVIP0K/,TRUE,TRUE,,matilde,
,TRUE,127,Diogo Afonso,25,innovation consultant,,,Switzerland,esquerda,só crina,,2025,https://www.instagram.com/p/DJY-DYOIDqm/,TRUE,TRUE,,matilde,
,TRUE,126,Rosa Vitorina Rodrigues,92,,Viana do Castelo,Viana do Castelo,Portugal,esquerda,nenhum,abstract,2025,https://www.instagram.com/p/DJSGbgJooue/,TRUE,TRUE,,matilde,
,TRUE,125,Francisca Faustino,29,innovation consultant,Lisboa,Lisboa,Portugal,esquerda,só orelhas,"other animal vibes, food or eating",2025,https://www.instagram.com/p/DJNL5GCod_X/,TRUE,TRUE,,matilde,
,TRUE,124,Cristina Tomé,35,brand marketing lead,Lisboa,Lisboa,Portugal,esquerda,só crina,"tack, teeth",2025,https://www.instagram.com/p/DJKHfiwI_Fo/,TRUE,TRUE,,matilde,
,TRUE,123,Sofia Maia,27,head of marketing,Trofa,Porto,Portugal,direita,ambos,,2025,https://www.instagram.com/p/DI6SePgIPvI/,TRUE,TRUE,,matilde,
,TRUE,122,Dinis Costa,28,programmer,Viana do Castelo,Viana do Castelo,Portugal,esquerda,ambos,"""unicorn, rainbow & wings""",2025,https://www.instagram.com/p/DI1Oh4CoKM_/,TRUE,TRUE,,matilde,
,TRUE,121,Joana Diogo,27,veterinarian,Lisboa,Lisboa,Portugal,esquerda,ambos,just head,2025,https://www.instagram.com/p/DIyZzhBI8NG/,TRUE,TRUE,,matilde,
,TRUE,120,Madalena Granchinho,21,architecture student,Tomar,Santarém,Portugal,direita,ambos,"scenery, crazy vibes, tack, tall legs",2025,https://www.instagram.com/p/DIvy6mKoYIY/,TRUE,TRUE,,matilde,
2025/03/29,TRUE,119,Matilde,19,biochemistry student,,,Portugal,direita,só orelhas,other animal vibes,2025,https://www.instagram.com/p/DIoJHs3ou98/,TRUE,TRUE,,matilde,
2025/03/29,TRUE,118,Matilde Freire,21,conservation and restauration of art student ,Almada,Setúbal,Portugal,esquerda,ambos,,2025,https://www.instagram.com/p/DIlkpdYIC4J/,TRUE,TRUE,,matilde,
2025/03/29,TRUE,117,Matilde Lameiras,20,product design student,Mafra,Lisboa,Portugal,esquerda,ambos,,2025,https://www.instagram.com/p/DIjqNn3I5N0/,TRUE,TRUE,,matilde,
2025/03/29,TRUE,116,Matilde,22,tourism and korean student ,Espinho,Aveiro,Portugal,direita,ambos,other animal vibes,2025,https://www.instagram.com/p/DIgfaDmoVWv/,TRUE,TRUE,,matilde,
2025/03/29,TRUE,115,Matilde Sátira,24,music teacher,Porto,Porto,Portugal,esquerda,ambos,teeth,2025,https://www.instagram.com/p/DIdySqvo9MQ/,TRUE,TRUE,,matilde,
2025/03/29,TRUE,114,Matilde Tinoco,20,biology student,Porto,Porto,Portugal,esquerda,só orelhas,,2025,https://www.instagram.com/p/DIbHmsjoSvE/,TRUE,TRUE,,matilde,
2025/03/29,TRUE,113,Matilde Zaragoza,23,international law master student,Algarve,Faro,Portugal,esquerda,ambos,tack,2025,https://www.instagram.com/p/DIWHskCIkDF/,TRUE,TRUE,,matilde,
2025/03/29,TRUE,112,Matilde Sá Couto,19,psychology student,Lisboa,Lisboa,Portugal,esquerda,ambos,"food or eating, other animal vibes",2025,https://www.instagram.com/p/DIUJNYvocvk/,TRUE,TRUE,,matilde,
2025/03/29,TRUE,111,Matilde Ho,22,urbanism student and musician,Oeiras,Lisboa,Portugal,esquerda,ambos,,2025,https://www.instagram.com/p/DIROQUoI8GT/,TRUE,TRUE,,matilde,
2025/03/29,TRUE,110,Matilde Clara,22,music teacher,Sintra,Lisboa,Portugal,esquerda,ambos,spots,2025,https://www.instagram.com/p/DIOZpBBoJSK/,TRUE,TRUE,,matilde,
2025/03/29,TRUE,109,Matilde Duarte,16,sciences and technologies student,Algarve,Faro,Portugal,direita,só crina,,2025,https://www.instagram.com/p/DIMIPBsos5N/,TRUE,TRUE,,matilde,
2025/03/29,TRUE,108,Matilde Galveia,23,academic services student,Montijo,Setúbal,Portugal,esquerda,ambos,,2025,https://www.instagram.com/p/DIJKnljIlUB/,TRUE,TRUE,,matilde,
2025/03/29,TRUE,107,Matilde,25,photographer,Porto,Porto,Portugal,esquerda,ambos,"text, ""unicorn, rainbow & wings"", foot line",2025,https://www.instagram.com/p/DIGgrbvI4Xs/,TRUE,TRUE,,matilde,
2025/03/29,TRUE,106,Daniela,24,receptionist,Canelas,Porto,Portugal,esquerda,ambos,[censored],2025,https://www.instagram.com/p/DIBjnjvoFDF/,TRUE,TRUE,,matilde,
,TRUE,105,Diogo Teixeira,46,CEO,Lisboa,Lisboa,Portugal,,,abstract,2025,https://www.instagram.com/p/DH_Isk5IPMX/,TRUE,TRUE,,matilde,
,TRUE,104,Gustavo Magalhães,44,innovation director,,,Portugal,esquerda,ambos,,2025,https://www.instagram.com/p/DH8jjTnIHuN/,TRUE,TRUE,,matilde,
,TRUE,103,Raquel Oliveira,31,project manager officer,Porto,Porto,Portugal,esquerda,só crina,teeth,2025,https://www.instagram.com/p/DH53pJ7ILuo/,TRUE,TRUE,,matilde,
,TRUE,102,Susana Salgado,44,COO,Almada,Setúbal,Portugal,esquerda,,abstract,2025,https://www.instagram.com/p/DH39mI6ohNP/?img_index=1,TRUE,TRUE,,matilde,
,TRUE,101,Ana Ferreira,39,innovator,Lisboa,Lisboa,Portugal,front facing,ambos,,2025,https://www.instagram.com/p/DHv0caloquZ/,TRUE,TRUE,,matilde,
,TRUE,100,Arno,29,project manager,Carcavelos,Lisboa,Portugal,esquerda,só crina,,2025,https://www.instagram.com/p/DHs8pC5ImQA/,TRUE,TRUE,,matilde,
,TRUE,99,Afonso,21,professional afonso,Porto,Porto,Portugal,direita,ambos,"food or eating, speaking or thinking, teeth",2025,https://www.instagram.com/p/DHqmjgVI6RV/,TRUE,TRUE,,matilde,
,TRUE,98,Gonçalo Caeiro,23,bartender and musician,Massamá,Lisboa,Portugal,esquerda,ambos,,2025,https://www.instagram.com/p/DHoDKMRozvl/,TRUE,TRUE,,matilde,
,TRUE,97,Luís,26,explorer,,,Germany,esquerda,ambos,,2025,https://www.instagram.com/p/DHlWF8uojpg/,TRUE,TRUE,,matilde,
,TRUE,96,Vince,23,bagel CEO,New York,New York,USA,esquerda,ambos,moving,2025,https://www.instagram.com/p/DHi1tquIppT/,TRUE,TRUE,,matilde,
,TRUE,95,Inês Magalhães,22,law student,Maia,Porto,Portugal,esquerda,ambos,"scenery, person riding",2025,https://www.instagram.com/p/DHV7ueqIZqG/,TRUE,TRUE,,matilde,
,TRUE,94,Daniel Ives,24,political economy student,,,Scotland,esquerda,só orelhas,,2025,https://www.instagram.com/p/DHMDuhSo2a5/,TRUE,TRUE,,matilde,
,TRUE,93,Luís Carrinho,63,office worker,Lisboa,Lisboa,Portugal,esquerda,ambos,,2025,https://www.instagram.com/p/DG6SI8IIV_a/,TRUE,TRUE,,matilde,
,TRUE,92,Martyna Dudkiewicz,29,innovation consultant,,,Poland,esquerda,ambos,,2025,https://www.instagram.com/p/DG3zvHbIhN7/,TRUE,TRUE,,matilde,
,TRUE,91,Ana Lomba Correia,26,innovation consultant,Viana do Castelo,Viana do Castelo,Portugal,esquerda,só crina,"balding, smiley face",2025,https://www.instagram.com/p/DG0VBjEIZaS/,TRUE,TRUE,,matilde,
,TRUE,90,Mariana Silva,33,head of talent,Lisboa,Lisboa,Portugal,direita,só crina,balding,2025,https://www.instagram.com/p/DGxvUppiCNT/,TRUE,TRUE,,matilde,
,TRUE,89,Tiago Marques,27,innovation consultant,Almada,Setúbal,Portugal,direita,só crina,"abstract, other animal vibes",2025,https://www.instagram.com/p/DGvTBxTIhnV/,TRUE,TRUE,,matilde,
,TRUE,88,Pedro Costa,39,head of growth,Guarda,Guarda,Portugal,esquerda,ambos,tack,2025,https://www.instagram.com/p/DGslqQ_oMwu/,TRUE,TRUE,,matilde,
,TRUE,87,Gabriella Kagueyama,29,innovation consultant,São Paulo,São Paulo,Brasil,esquerda,só crina,"balding, food or eating, cool horse, teeth",2025,https://www.instagram.com/p/DGqN-4CoUVA/,TRUE,TRUE,,matilde,
,TRUE,86,António Pereira,25,software developer,Leiria,Leiria,Portugal,direita,ambos,"moving, ""unicorn, rainbow & wings""",2025,https://www.instagram.com/p/DGnjAkDoC5b/,TRUE,TRUE,,matilde,
,TRUE,85,José Cardoso,29,CAM expert,Marinha Grande,Leiria,Portugal,esquerda,só crina,"tack, [censored]",2025,https://www.instagram.com/p/DGlY9iCojm2/,TRUE,TRUE,,matilde,
,TRUE,84,Carolina Moreira,25,biology doctorate student,Águas Santas,Porto,Portugal,direita,ambos,"""""""cavalo"""""", tongue out",2025,https://www.instagram.com/p/DGikEc3IOqk/,TRUE,TRUE,,matilde,
,TRUE,83,Filipe Santos,27,salesman and musician,Vila Nova de Gaia,Porto,Portugal,esquerda,ambos,"[censored], other animal vibes",2025,https://www.instagram.com/p/DGf0lCNoy6H/,TRUE,TRUE,,matilde,
,TRUE,82,Catarina,21,movie theater exhibitor,Seixal,Setúbal,Portugal,direita,só orelhas,,2025,https://www.instagram.com/p/DGdZO-QoVPC/,TRUE,TRUE,,matilde,
,TRUE,81,Rodrigo Vaiapraia,,artist,Setúbal,Setúbal,Portugal,esquerda,ambos,"scenery, famous",2025,https://www.instagram.com/p/DGanrU-IW0p/,TRUE,TRUE,,matilde,
,TRUE,80,Joana Patrício,27,writer for cinema,Cascais,Lisboa,Portugal,front facing,só orelhas,"standing, speaking or thinking",2025,https://www.instagram.com/p/DGVsO6sIhTs/,TRUE,TRUE,,matilde,
,TRUE,79,Júlia Marques,21,architecture student,Belo Horizonte,Minas Gerais,Brasil,front facing,ambos,"depressed vibes, bojack, scenery",2025,https://www.instagram.com/p/DGF6YsRI2f-/,TRUE,TRUE,,matilde,
,TRUE,78,Tiago Freitas,22,consultancy and translation student,Paços de Ferreira,Porto,Portugal,esquerda,só crina,"rat vibes, smiley face",2025,https://www.instagram.com/p/DGA5ILUoINa/,TRUE,TRUE,,matilde,
,TRUE,77,Marina Sung,27,innovation consultant,São Paulo,São Paulo,Brasil,esquerda,ambos,,2025,https://www.instagram.com/p/DF0ISq8Iy_i/,TRUE,TRUE,,matilde,
,TRUE,76,Daniel Patraboy,22,unemployed,Leiria,Leiria,Portugal,esquerda,só crina,"""unicorn, rainbow & wings"", tongue out",2025,https://www.instagram.com/p/DFxXc2YI4VM/,TRUE,TRUE,,matilde,
,TRUE,75,Rafael Monteiro,22,sound engineer and photographer,Sintra,Lisboa,Portugal,esquerda,ambos,"spots, tack",2025,https://www.instagram.com/p/DFvV2vyIVtR/,TRUE,TRUE,,matilde,
,TRUE,74,Isabella hayes,26,senior analyst,Chicago,Chicago,USA,direita,ambos,tongue out,2025,https://www.instagram.com/p/DFsaxZgo2k8/,TRUE,TRUE,,matilde,
,TRUE,73,Arménio,53,civil engineer,Viana do Castelo,Viana do Castelo,Portugal,esquerda,ambos,tack,2025,https://www.instagram.com/p/DFp2vTyoPvx/,TRUE,TRUE,,matilde,
,TRUE,72,Carolina Carmo,21,artist and writer,Algés,Lisboa,Portugal,esquerda,ambos,,2025,https://www.instagram.com/p/DFnqSHCo1ze/,TRUE,TRUE,,matilde,
,TRUE,71,Sylvie,52,CEO,Paris,,France,esquerda,ambos,tack,2025,https://www.instagram.com/p/DFlXxseoZnP/,TRUE,TRUE,,matilde,
,TRUE,70,Constança Mafra,21,gallery assistant,Lisboa,Lisboa,Portugal,direita,ambos,,2025,https://www.instagram.com/p/DFf4KkVIBBE/,TRUE,TRUE,,matilde,
,TRUE,69,Prianka,25,writer,Manaus,Amazonas,Brasil,esquerda,ambos,,2025,https://www.instagram.com/p/DFbH_7oIS7J/,TRUE,TRUE,,matilde,
,TRUE,68,Gabriel Nery,21,,Matosinhos,Porto,Portugal,esquerda,ambos,"bojack, standing, text",2025,https://www.instagram.com/p/DFYZKIGI1y9/,TRUE,TRUE,,matilde,
,TRUE,67,Sandra,61,non profit executive director,Lisboa,Lisboa,Portugal,esquerda,ambos,,2025,https://www.instagram.com/p/DFSu4r0oT9w/,TRUE,TRUE,,teresa,
,TRUE,66,Fábio Pais,33,IT engineer,Moita,Setúbal,Portugal,esquerda,ambos,mouth line,2025,https://www.instagram.com/p/DFP2Zo7IcZh/,TRUE,FALSE,,matilde,
,TRUE,65,Salvador Lobo Xavier,21,sound guy for cinema,Leixões,Porto,Portugal,esquerda,ambos,moving,2025,https://www.instagram.com/p/DFNXuv3Ifqc/,TRUE,TRUE,,matilde,
,TRUE,64,Afonso Gonçalves,18,mechanical engineer student,Barcelos,Braga,Portugal,esquerda,só crina,balding,2025,https://www.instagram.com/p/DFILxpMINRZ/,TRUE,TRUE,,matilde,
,TRUE,63,Helena Pires,24,pharmaceutical ,Macedo de Cavaleiros,Bragança,Portugal,esquerda,só orelhas,"other animal vibes, speaking or thinking, pooping or farting",2025,https://www.instagram.com/p/DFFjFx2IMCh/,TRUE,TRUE,,matilde,
,TRUE,62,Gonçalo Nogueira,28,programmer,Ribatejo,Santarém,Portugal,esquerda,ambos,,2025,https://www.instagram.com/p/DFDAF3NonIS/,TRUE,TRUE,,matilde,
,TRUE,61,André Certã,25,journalist,Seixal,Setúbal,Portugal,esquerda,só crina,,2025,https://www.instagram.com/p/DFAuFLOIpEG/,TRUE,TRUE,,matilde,
,TRUE,60,Maria da Luz,65,retired accountant and professor,Montijo,Setúbal,Portugal,esquerda,só orelhas,,2024,https://www.instagram.com/p/DE4we2uo76F/,TRUE,TRUE,,teresa,
,TRUE,59,Rafaella,24,architecture student,Rio de Janeiro,Rio de Janeiro,Brasil,esquerda,só orelhas,scenery,2024,https://www.instagram.com/p/DE2JJKdCR7O/,TRUE,TRUE,,matilde,
,TRUE,58,Francisco,65,accountant,Montijo,Setúbal,Portugal,direita,ambos,,2024,https://www.instagram.com/p/DEzoSxjCWd_/,TRUE,TRUE,,matilde,
,TRUE,57,Matilde Brito,23,motion graphics student,Granja,Porto,Portugal,esquerda,só crina,other animal vibes,2024,https://www.instagram.com/p/DEw-fywIa0V/,TRUE,TRUE,,matilde,
,TRUE,56,Diogo Rêgo,34,filmmaker,Porto,Porto,Portugal,direita,só orelhas,"tack, standing",2024,https://www.instagram.com/p/DEvLSFSIga0/,TRUE,TRUE,,matilde,
,TRUE,55,Piedade Patinha,65,philosophy teacher,Montijo,Setúbal,Portugal,esquerda,ambos,,2024,https://www.instagram.com/p/DEsP_QMo8sR/,TRUE,TRUE,,matilde,
,TRUE,54,Francisca,27,musician,Porto,Porto,Portugal,front facing,só orelhas,other animal vibes,2024,https://www.instagram.com/p/DEpWYV7IYLI/,TRUE,TRUE,,matilde,
,TRUE,53,Bruno Faustino,35,artist,Porto,Porto,Portugal,esquerda,ambos,sillouette,2024,https://www.instagram.com/p/DEm0gnrodIS/,TRUE,TRUE,,matilde,
,TRUE,52,Tiago,36,fine artist,Porto,Porto,Portugal,head turning,ambos,,2024,https://www.instagram.com/p/DEk1KbQohrJ/,TRUE,TRUE,,matilde,
,TRUE,51,Nuno Vieira,25,social media manager and copywriter,Vila Nova de Gaia,Porto,Portugal,esquerda,só orelhas,"rat vibes, other animal vibes, """"""cavalo""""""",2024,https://www.instagram.com/p/DEhlUnLo4kL/,TRUE,TRUE,,matilde,
,TRUE,50,Inês Braga,24,graphic designer,Matosinhos,Porto,Portugal,esquerda,só crina,"food or eating, speaking or thinking",2024,https://www.instagram.com/p/DEfJejfoDfN/,TRUE,TRUE,,matilde,
,TRUE,49,Gonçalo Cardoso,25,cognitive and motor expression technician,Canelas,Porto,Portugal,direita,só crina,other animal vibes,2024,https://www.instagram.com/p/DEc850DIgkV/,TRUE,TRUE,,matilde,
,TRUE,48,Catarina Coutinho,26,marina biologist,Canidelo,Porto,Portugal,esquerda,só orelhas,tack,2024,https://www.instagram.com/p/DEZ_jCXoZ40/,TRUE,TRUE,,matilde,
,TRUE,47,Joana Vilas Boas,22,retail worker,Viana do Castelo,Viana do Castelo,Portugal,direita,ambos,tack,2024,https://www.instagram.com/p/DEXXw0fIGsU/,TRUE,TRUE,,matilde,
,TRUE,46,Laura Pinto,28,software developer,Ovar,Aveiro,Portugal,direita,ambos,,2024,https://www.instagram.com/p/DEU2J2zoXj3/,TRUE,TRUE,perdidos no nelma :(,matilde,
,TRUE,45,Diana Rodrigues,19,physical therapy student,Viana do Castelo,Viana do Castelo,Portugal,esquerda,só orelhas,"other animal vibes, rat vibes",2024,https://www.instagram.com/p/DESMprgIX3M/,TRUE,TRUE,,matilde,
,TRUE,44,Catarina Mendes,27,elementary school teacher,Viana do Castelo,Viana do Castelo,Portugal,esquerda,só crina,depressed vibes,2024,https://www.instagram.com/p/DEPt86NIchy/,TRUE,TRUE,,matilde,
,TRUE,43,Leandro Salgado,26,software engineer,Outeiro Grande,Leiria,Portugal,esquerda,só crina,"scenery, mouth line",2024,https://www.instagram.com/p/DEM6trCo7l9/,TRUE,TRUE,perdidos no nelma :(,matilde,
,TRUE,42,Aitor Amorim,26,software engineer and part time artist,Porto,Porto,Portugal,esquerda,só crina,"just head, mouth line",2024,https://www.instagram.com/p/DEKPzmlo-Vr/,TRUE,TRUE,perdidos no nelma :(,matilde,
,TRUE,41,João Sousa (pink),25,unemployed,Penafiel,Porto,Portugal,direita,só crina,,2024,https://www.instagram.com/p/DEIXTbDoBbP/,TRUE,TRUE,perdidos no nelma :(,matilde,
,TRUE,40,Jenny Valdez,32,senior UI framework engineer,Puerto Ordaz,,Venezuela,head turning,ambos,,2024,https://www.instagram.com/p/DEFG7vHIMQ9/,TRUE,TRUE,,matilde,
,TRUE,39,Tiago Costa,30,senior rendering programmer,Viana do Castelo,Viana do Castelo,Portugal,esquerda,ambos,,2024,https://www.instagram.com/p/DECp4D5okY2/,TRUE,TRUE,,matilde,
,TRUE,38,Pedro Rodrigues,25,renewables busInêss developer,Viana do Castelo,Viana do Castelo,Portugal,esquerda,só crina,,2024,https://www.instagram.com/p/DEAKR2jorn6/,TRUE,TRUE,,matilde,
,TRUE,37,Carolina,22,aerospace engineering master student,Barcelos,Braga,Portugal,esquerda,ambos,"moving, spots, tongue out",2024,https://www.instagram.com/p/DD9rLS3odZr/,TRUE,TRUE,,matilde,
,TRUE,36,Isabella Costa,21,aerospace engineering student,Porto,Porto,Portugal,esquerda,só orelhas,standing,2024,https://www.instagram.com/p/DD6yYQSopwy/,TRUE,TRUE,,matilde,
,TRUE,35,Alice Costa,4,,Porto,Porto,Portugal,head turning,ambos,,2024,https://www.instagram.com/p/DD4h3n4IBFZ/,TRUE,TRUE,pedir ao pedro costa,,
,TRUE,34,Fábio futuro,,architecture student,Santo Tirso,Porto,Portugal,esquerda,ambos,moving,2024,https://www.instagram.com/p/DDh5XHWILvk/,TRUE,TRUE,,matilde,
,TRUE,33,Eduardo Guilherme,24,,Vila Nova de Gaia,Porto,Portugal,direita,ambos,"food or eating, tack",2024,https://www.instagram.com/p/DDe6P9LI0Su/,TRUE,TRUE,,matilde,
,TRUE,32,Joana Dinis,26,corporate girl,Batalha,Leiria,Portugal,esquerda,só crina,,2024,https://www.instagram.com/p/DDb6RVIoGHk/,TRUE,TRUE,,matilde,
,TRUE,31,Ana Monteiro,31,communication professional,Montijo,Setúbal,Portugal,esquerda,ambos,[censored],2024,https://www.instagram.com/p/DDPQfsTo04n/,TRUE,TRUE,,teresa,
,TRUE,30,Folkert,27,salesforce consultant,Apeldoorn,,Netherlands,direita,ambos,,2024,https://www.instagram.com/p/DDNHypTIlhZ/,TRUE,TRUE,,matilde,
,TRUE,29,Fabiana Jordão,25,e-commerce manager,Batalha,Leiria,Portugal,esquerda,só crina,,2024,https://www.instagram.com/p/DDKxSUbIpNn/,TRUE,TRUE,,matilde,
,TRUE,28,Valter Gomes,24,junior innovaton consultant,Caldas da Rainha,Leiria,Portugal,direita,ambos,,2024,https://www.instagram.com/p/DC4GeXdIHKS/,TRUE,TRUE,,matilde,
,TRUE,27,Laura Martins,26,accountant,Ourém,Santarém,Portugal,esquerda,só crina,"crazy vibes, tall legs, other animal vibes",2024,https://www.instagram.com/p/DC2DzHSIktf/,TRUE,TRUE,,matilde,
,TRUE,26,Manuel Batista,28,innovation consultant,Coimbra,Coimbra,Portugal,direita,só crina,other animal vibes,2024,https://www.instagram.com/p/DCy4ttIIkFt/,TRUE,TRUE,,matilde,
,TRUE,25,Lúcia Frieza,26,HR specialist,Benavente,Santarém,Portugal,direita,só crina,,2024,https://www.instagram.com/p/DCtwaUZIeaw/,TRUE,TRUE,,matilde,
,TRUE,24,Rafaela Pina,25,innovation analyst,Mirandela,Bragança,Portugal,esquerda,ambos,tack,2024,https://www.instagram.com/p/DCrVfnRIVBD/,TRUE,TRUE,,matilde,
,TRUE,23,Carmen Santos,55,administrative,Lisboa,Lisboa,Portugal,esquerda,só crina,,2024,https://www.instagram.com/p/DCmM1UvIvaO/,TRUE,TRUE,,teresa,
,TRUE,22,Fabrizio Mancuso,26,communication student,Sicily,,Italy,direita,só crina,scenery,2024,https://www.instagram.com/p/DChavmBICui/,TRUE,TRUE,,teresa,
,TRUE,21,Catarina Carmo,25,social worker,Algarve,Faro,Portugal,esquerda,nenhum,depressed vibes,2024,https://www.instagram.com/p/DCe73xJofjK/,TRUE,TRUE,,teresa,
,TRUE,20,Josefina Vieira,53,hairdresser,Viana do Castelo,Viana do Castelo,Portugal,esquerda,ambos,,2024,https://www.instagram.com/p/DCUloseINxf/,TRUE,TRUE,,matilde,
,TRUE,19,Paulo Rodrigues,57,insurance agent,Viana do Castelo,Viana do Castelo,Portugal,esquerda,ambos,mouth line,2024,https://www.instagram.com/p/DCSHJyio5fE/,TRUE,TRUE,,matilde,
,TRUE,18,Vanessa,29,social worker,Almada,Setúbal,Portugal,direita,só orelhas,"other animal vibes, scenery, smiley face",2024,https://www.instagram.com/p/DCRWdRHoqsv/,TRUE,TRUE,,teresa,
,TRUE,17,Catarina Soares,26,quality and management engineer,Vila Nova de Gaia,Porto,Portugal,esquerda,ambos,scenery,2024,https://www.instagram.com/p/DCKW6elo-BQ/,TRUE,TRUE,,matilde,
,TRUE,16,Mariana Ribeiro,25,communications officer,Vila Nova de Gaia,Porto,Portugal,esquerda,ambos,,2024,https://www.instagram.com/p/DCHK4F4olHP/,TRUE,TRUE,,matilde,
,TRUE,15,Joana Carrinho,25,civil engineering student,Vila Nova de Gaia,Porto,Portugal,esquerda,ambos,tack,2024,https://www.instagram.com/p/DCC3N_aoqm7/,TRUE,TRUE,,matilde,
,TRUE,14,Catarina Torres,21,architecture student,Grijó,Porto,Portugal,esquerda,só orelhas,"circles, tack, teeth",2024,https://www.instagram.com/p/DB_angno3VE/,TRUE,TRUE,,matilde,
,TRUE,13,Marina Aguiar,21,law student,,,Brasil,esquerda,só crina,tattoo,2024,https://www.instagram.com/p/DB9cAtboETH/,TRUE,TRUE,,matilde,
,TRUE,12,Vasco Jorge,20,economics student,Wassenar,,Netherlands,esquerda,ambos,,2024,https://www.instagram.com/p/DB68pNWoUd-/,TRUE,TRUE,,matilde,
,TRUE,11,Matilde Batista,19,sciences of art and heritage student,Loures,Lisboa,Portugal,esquerda,só crina,mouth line,2024,https://www.instagram.com/p/DB4HQUHICe0/,TRUE,TRUE,,matilde,
,TRUE,10,Francisco Galante,21,communication sciences,Oeiras,Lisboa,Portugal,esquerda,só crina,,2024,https://www.instagram.com/p/DB1EVeioj9X/,TRUE,TRUE,,matilde,
,TRUE,9,Inês Fortes,23,communication designer,Madeira,Madeira,Portugal,esquerda,ambos,,2024,https://www.instagram.com/p/DBzLvd_uw1_/,TRUE,TRUE,,,
,TRUE,8,Miguel Conceição,23,communication designer,Odemira,Beja,Portugal,esquerda,ambos,"other animal vibes, smiley face",2024,https://www.instagram.com/p/DBwCb0Mofn3/,TRUE,TRUE,,,
,TRUE,7,Mariana Nunes,23,communication designer,Almada,Setúbal,Portugal,esquerda,ambos,"crazy vibes, teeth",2024,https://www.instagram.com/p/DBtSq2doIGc/,TRUE,TRUE,,,
,TRUE,6,Rita Tapadinhas,23,management consultant,,,Portugal,direita,ambos,,2019,https://www.instagram.com/p/Bty3LllBDLS/?img_index=1,TRUE,TRUE,,teresa,
,TRUE,5,Raquel Tapadinhas,21,management student,,,Portugal,direita,só crina,,2019,https://www.instagram.com/p/BttqqMfhB5X/?img_index=1,TRUE,TRUE,,teresa,
,TRUE,4,João,24,hotel management professional,,,Portugal,direita,só crina,,2019,https://www.instagram.com/p/BtrCMgQBKFI/?img_index=1,TRUE,TRUE,,teresa,
,TRUE,3,Horácio,60,english teacher,,,Portugal,esquerda,só orelhas,spots,2019,https://www.instagram.com/p/Btjfj9MH0Em/,TRUE,TRUE,,teresa,
,TRUE,2,Mariana,23,student,,,Portugal,esquerda,só orelhas,,2019,https://www.instagram.com/p/Btb23jrnQL9/,TRUE,TRUE,,teresa,
,TRUE,1,Fernanda,59,teacher,,,Portugal,esquerda,ambos,,2019,https://www.instagram.com/p/BtbhPIHn_vP/,TRUE,TRUE,,teresa,
